Transaction ID,Date,Currency,Sender,Receiver,Amount,Fee,Type
TX001,2023-05-01,Auric,John Goldsmith,Sarah Gilded,100 Auric,2 Auric,Purchase
TX002,2023-05-02,Electra,Olivia Current,Ethan Charge,500 Electra,10 Electra,Transfer
TX003,2023-05-03,Zentia,Ava Zenith,Leo Zenith,200 Zentia,5 Zentia,Payment
TX004,2023-05-05,Lumina,Luna Radiance,Sol Bright,50 Lumina,1 Lumina,Purchase
TX005,2023-05-06,Auric,Michael Goldsmith,Emma Gilded,75 Auric,2 Auric,Transfer
TX006,2023-05-08,Zentia,Mia Zenith,Noah Zenith,150 Zentia,3 Zentia,Payment
TX007,2023-05-09,Electra,Sophia Current,Jackson Charge,250 Electra,5 Electra,Purchase
TX008,2023-05-10,Lumina,Aurora Radiance,Nova Bright,30 Lumina,1 Lumina,Transfer
TX009,2023-05-12,Auric,William Goldsmith,Emily Gilded,80 Auric,2 Auric,Payment
TX010,2023-05-14,Zentia,Liam Zenith,Ava Zenith,100 Zentia,4 Zentia,Purchase
TX011,2023-02-14,Auric,Jeffrey Moore,John Williamson,501 Auric,9 Auric,Payment
TX012,2023-06-10,Auric,Greg Walker,Steven Key,341 Auric,25 Auric,Transfer
TX013,2023-05-05,Electra,Alan Johnson,Susan Hicks,30 Electra,45 Electra,Payment
TX014,2023-01-24,Lumina,Emily Brown,Seth Rivera,135 Lumina,43 Lumina,Payment
TX015,2023-01-31,Lumina,Linda Pacheco,Timothy Clay,800 Lumina,2 Lumina,Purchase
TX016,2023-06-05,Auric,Curtis Johnson,Deborah Kerr,108 Auric,22 Auric,Payment
TX017,2023-01-22,Auric,Thomas Beck,Chelsea Liu,994 Auric,46 Auric,Payment
TX018,2023-05-31,Lumina,Kevin Peters,Laura Phillips,632 Lumina,16 Lumina,Transfer
TX019,2023-04-09,Lumina,Linda Costa,Cassandra Cooke,572 Lumina,34 Lumina,Payment
TX020,2023-06-23,Auric,Donald Jackson,Adam Stanton,124 Auric,31 Auric,Transfer
TX021,2023-08-07,Auric,John Daniels,Elizabeth Rodriguez,335 Auric,9 Auric,Purchase
TX022,2023-02-05,Zentia,William Brooks,Maria Yang,676 Zentia,46 Zentia,Payment
TX023,2023-05-09,Auric,Kristin Ramirez,Robin Kelly,19 Auric,47 Auric,Transfer
TX024,2023-04-15,Auric,Alexis Watson,Alexandra Jordan,61 Auric,9 Auric,Purchase
TX025,2023-06-13,Zentia,Breanna Thompson,Robert Hines,720 Zentia,16 Zentia,Purchase
TX026,2023-03-14,Zentia,Lindsey Floyd,Brian Riley,239 Zentia,33 Zentia,Purchase
TX027,2023-03-15,Zentia,Jeanne Todd,Christine Herring,471 Zentia,44 Zentia,Payment
TX028,2023-08-08,Lumina,Julie Barnes,Peter Johnson,706 Lumina,17 Lumina,Payment
TX029,2023-05-31,Lumina,Robert Howell,Karen Miller,534 Lumina,31 Lumina,Purchase
TX030,2023-07-19,Auric,David Johnson,Christopher Escobar,939 Auric,5 Auric,Transfer
TX031,2023-08-19,Lumina,David Morris,Linda West,165 Lumina,27 Lumina,Purchase
TX032,2023-07-08,Electra,Jason Murphy,Jodi Ward,355 Electra,15 Electra,Transfer
TX033,2023-05-02,Zentia,Andrew Cummings,Jeffery Beck,843 Zentia,29 Zentia,Purchase
TX034,2023-01-30,Zentia,Anthony Wilkins,Ryan Haas,632 Zentia,34 Zentia,Transfer
TX035,2023-05-16,Lumina,Tyler Kirk,Craig Powell,667 Lumina,31 Lumina,Transfer
TX036,2023-01-27,Lumina,Madison Dean,Dean Wallace,92 Lumina,42 Lumina,Purchase
TX037,2023-07-29,Electra,Edward Bell,Michael Mitchell,181 Electra,47 Electra,Payment
TX038,2023-04-12,Auric,Derek Frank,Beverly Thomas,83 Auric,10 Auric,Payment
TX039,2023-02-02,Auric,Margaret Johnson,Michael King,335 Auric,20 Auric,Purchase
TX040,2023-01-01,Electra,Robert Oliver,Cynthia Shea,662 Electra,41 Electra,Purchase
TX041,2023-08-02,Zentia,Cory Nelson,Ashley Thomas,712 Zentia,30 Zentia,Transfer
TX042,2023-04-18,Electra,Hannah Munoz,Jessica Smith,526 Electra,19 Electra,Payment
TX043,2023-08-26,Zentia,Jennifer Weber,Holly Carter,652 Zentia,18 Zentia,Purchase
TX044,2023-08-25,Lumina,Nicholas Graves,Jonathan Martinez,191 Lumina,15 Lumina,Payment
TX045,2023-06-03,Zentia,Thomas Conway,Kimberly Woodward,368 Zentia,19 Zentia,Transfer
TX046,2023-02-11,Electra,Stacy Valdez,Brandon Herrera,6 Electra,44 Electra,Purchase
TX047,2023-08-20,Electra,Kim Johnson,Christine Robinson,682 Electra,5 Electra,Payment
TX048,2023-04-05,Zentia,Richard Martin,Kenneth Ali,649 Zentia,22 Zentia,Payment
TX049,2023-07-08,Auric,Kristina Johnson,Colton Mcdowell,883 Auric,21 Auric,Transfer
TX050,2023-03-22,Auric,Jackson Norman,Kristin Austin,42 Auric,41 Auric,Transfer
TX051,2023-01-06,Auric,Susan Heath,Bill Reyes,154 Auric,8 Auric,Purchase
TX052,2023-01-29,Lumina,Katie Brown,Savannah Barron,122 Lumina,46 Lumina,Payment
TX053,2023-05-09,Zentia,Margaret Robinson,Crystal Jordan,147 Zentia,36 Zentia,Payment
TX054,2023-05-25,Electra,James Howard,Jason Hall,539 Electra,25 Electra,Purchase
TX055,2023-03-20,Zentia,Jack Gibson,Marcus Oneal,641 Zentia,41 Zentia,Transfer
TX056,2023-07-22,Lumina,Bailey White,Debbie Castillo,637 Lumina,8 Lumina,Purchase
TX057,2023-07-24,Auric,Jessica Molina,Sharon Lowe,704 Auric,32 Auric,Payment
TX058,2023-02-18,Auric,Billy Blanchard,Emily Anderson,346 Auric,7 Auric,Purchase
TX059,2023-06-11,Zentia,Kevin Gonzales,Carl Brown,609 Zentia,8 Zentia,Payment
TX060,2023-03-25,Auric,Shelby Mercado,Michael Fuentes,112 Auric,19 Auric,Purchase
TX061,2023-06-17,Electra,Stephanie Farmer,Caitlin Wade,383 Electra,21 Electra,Transfer
TX062,2023-03-23,Zentia,Christopher Henry,Lori Shannon,532 Zentia,29 Zentia,Transfer
TX063,2023-02-13,Electra,Michelle Robertson,Ashley Lowery,528 Electra,3 Electra,Payment
TX064,2023-03-23,Zentia,Kimberly Gonzalez,Clarence Hunt,957 Zentia,23 Zentia,Purchase
TX065,2023-04-23,Lumina,Troy Jenkins,Benjamin Sherman,859 Lumina,19 Lumina,Payment
TX066,2023-07-06,Electra,Kimberly Newman,Cynthia Le,942 Electra,49 Electra,Transfer
TX067,2023-06-28,Auric,Katherine Patterson,Mary Navarro,512 Auric,9 Auric,Payment
TX068,2023-04-05,Electra,Angela Martin,Michael Vazquez,510 Electra,47 Electra,Payment
TX069,2023-05-06,Auric,Deborah Sanchez,Jeffrey Hardy,700 Auric,19 Auric,Payment
TX070,2023-05-18,Lumina,Paul Stewart,Joan Smith,913 Lumina,45 Lumina,Payment
TX071,2023-05-04,Electra,Jessica Carter,Jessica Dunn,55 Electra,33 Electra,Purchase
TX072,2023-01-16,Auric,Jennifer Parker,Bonnie Henry,310 Auric,22 Auric,Payment
TX073,2023-08-18,Electra,Cynthia Alexander,Gregory Crawford,177 Electra,15 Electra,Transfer
TX074,2023-03-03,Lumina,John Rosales,Dennis Smith,995 Lumina,8 Lumina,Transfer
TX075,2023-07-09,Zentia,Michael Spears,Christopher Ross,204 Zentia,8 Zentia,Purchase
TX076,2023-06-17,Auric,Charles Reed,Sean Cook,375 Auric,42 Auric,Transfer
TX077,2023-08-05,Auric,Ryan Phillips,Tanya Montes,763 Auric,27 Auric,Purchase
TX078,2023-02-24,Auric,William Jones,Gary Rodriguez,182 Auric,47 Auric,Purchase
TX079,2023-06-03,Electra,Bradley Pollard,Matthew Baker,966 Electra,43 Electra,Transfer
TX080,2023-03-22,Lumina,Ronald Diaz,Jeremy Duke,405 Lumina,18 Lumina,Purchase
TX081,2023-03-09,Auric,Holly Rogers,Kristopher Navarro,839 Auric,3 Auric,Payment
TX082,2023-07-18,Zentia,Julie Fry,Timothy Smith,74 Zentia,33 Zentia,Purchase
TX083,2023-03-23,Auric,Patricia Jimenez,Alison Ward,319 Auric,47 Auric,Purchase
TX084,2023-04-24,Lumina,Judith Chapman,Richard Lewis,466 Lumina,16 Lumina,Payment
TX085,2023-08-27,Lumina,Leslie Wilson,Kelly Vargas,172 Lumina,37 Lumina,Purchase
TX086,2023-01-19,Electra,Allison Mendoza,Richard Hendricks,749 Electra,26 Electra,Payment
TX087,2023-04-27,Zentia,Casey Peters,Robert Mcclain,438 Zentia,33 Zentia,Transfer
TX088,2023-08-12,Lumina,Christian Jensen,Steven Krause,58 Lumina,30 Lumina,Transfer
TX089,2023-08-05,Zentia,Sean Stevens,Scott Hayden,297 Zentia,43 Zentia,Payment
TX090,2023-01-10,Lumina,Pam Odonnell,Jerry Morgan,572 Lumina,33 Lumina,Purchase
TX091,2023-06-10,Zentia,Meghan Howard,Ashley Johnson,145 Zentia,28 Zentia,Payment
TX092,2023-04-23,Electra,Anne Smith,Crystal Richardson,134 Electra,6 Electra,Transfer
TX093,2023-06-17,Lumina,Denise Lopez,Michelle Holmes,853 Lumina,32 Lumina,Payment
TX094,2023-04-13,Auric,Ronald Fisher,Carl Nolan,566 Auric,31 Auric,Purchase
TX095,2023-08-13,Auric,David Thomas,Allison Richardson,813 Auric,36 Auric,Payment
TX096,2023-06-21,Electra,Antonio Pham,Jessica Jones,593 Electra,7 Electra,Transfer
TX097,2023-02-03,Zentia,Anthony Dyer,John Brown,631 Zentia,3 Zentia,Payment
TX098,2023-06-16,Lumina,Meredith Cameron,Kathryn Smith,874 Lumina,23 Lumina,Transfer
TX099,2023-02-12,Lumina,Christopher Patton,Margaret Cruz DDS,396 Lumina,24 Lumina,Payment
TX100,2023-01-02,Electra,Stephen Terry,Cynthia Davis,52 Electra,20 Electra,Purchase
TX101,2023-06-27,Auric,Alicia Taylor,Sean Harris,558 Auric,39 Auric,Purchase
TX102,2023-08-23,Lumina,Nicole Bush,Xavier Oneill,465 Lumina,15 Lumina,Payment
TX103,2023-01-20,Auric,Erin Rodriguez,Jeremy Foster,598 Auric,46 Auric,Transfer
TX104,2023-08-22,Auric,Rachel Roth,Vincent Rivera,547 Auric,28 Auric,Transfer
TX105,2023-06-27,Electra,Heather Gates,Samantha Morales,145 Electra,34 Electra,Transfer
TX106,2023-03-27,Lumina,Cynthia Burns,Leslie Freeman,96 Lumina,27 Lumina,Payment
TX107,2023-02-28,Electra,Jake Hickman,Devin Lane,740 Electra,47 Electra,Payment
TX108,2023-06-25,Auric,Kenneth Dalton,Stephanie Davis,860 Auric,14 Auric,Purchase
TX109,2023-08-04,Lumina,Mr. Bobby Price,Travis Duffy,430 Lumina,12 Lumina,Payment
TX110,2023-08-19,Auric,Danielle Cain,Tracy Smith,543 Auric,14 Auric,Purchase
TX111,2023-04-30,Auric,Chad Rodriguez,Omar Webb,550 Auric,16 Auric,Transfer
TX112,2023-08-21,Lumina,Tiffany Graham,Gary Jacobs PhD,436 Lumina,3 Lumina,Transfer
TX113,2023-04-14,Electra,Jesus Collins,Eric Lee,883 Electra,27 Electra,Purchase
TX114,2023-03-12,Lumina,Amber George,Betty Miller,534 Lumina,6 Lumina,Purchase
TX115,2023-01-26,Auric,Jeffrey Hernandez,Robert Medina,205 Auric,8 Auric,Purchase
TX116,2023-05-24,Lumina,Sandra Perry,Abigail Clark,955 Lumina,37 Lumina,Transfer
TX117,2023-01-14,Lumina,Shaun White,Kaylee Pierce,332 Lumina,49 Lumina,Purchase
TX118,2023-05-13,Auric,Donna Thomas,William Reynolds,49 Auric,7 Auric,Transfer
TX119,2023-04-16,Auric,David Gill,Timothy Gutierrez,358 Auric,10 Auric,Payment
TX120,2023-07-26,Auric,Cynthia Jones,Mark Kirby,657 Auric,1 Auric,Purchase
TX121,2023-07-31,Electra,Rachel Jones,Dan Vega,354 Electra,10 Electra,Payment
TX122,2023-03-16,Electra,Taylor Mullins,Marissa Hurst,222 Electra,1 Electra,Payment
TX123,2023-02-14,Electra,Jeremy Smith,Richard Pittman,127 Electra,47 Electra,Purchase
TX124,2023-04-29,Auric,Mary Torres,Miguel Jones,203 Auric,43 Auric,Payment
TX125,2023-01-17,Lumina,Rhonda Thomas,Kristin Gonzalez,588 Lumina,26 Lumina,Transfer
TX126,2023-05-21,Auric,Dawn Wagner,Brooke Morrison,992 Auric,38 Auric,Purchase
TX127,2023-01-05,Auric,David Foster,Elizabeth Fisher,134 Auric,21 Auric,Transfer
TX128,2023-04-29,Zentia,Teresa Mills,Mary Stone,985 Zentia,33 Zentia,Transfer
TX129,2023-04-21,Auric,Maria Cross,Todd Jackson,941 Auric,27 Auric,Transfer
TX130,2023-01-17,Electra,Christopher Wood,Diana Cooper,266 Electra,8 Electra,Payment
TX131,2023-03-11,Zentia,Kelly Tucker,Daniel Rodriguez,973 Zentia,48 Zentia,Payment
TX132,2023-03-31,Electra,Brent Kelly,Kevin Holland Jr.,240 Electra,35 Electra,Transfer
TX133,2023-08-10,Zentia,Melissa Martinez,Corey Reynolds,412 Zentia,36 Zentia,Transfer
TX134,2023-01-31,Zentia,Anna Madden,Thomas Schmitt,981 Zentia,23 Zentia,Transfer
TX135,2023-05-03,Lumina,Virginia Wilson,James Mclaughlin MD,111 Lumina,5 Lumina,Purchase
TX136,2023-02-10,Lumina,Diane Rosales,Lisa Guzman,478 Lumina,1 Lumina,Payment
TX137,2023-03-23,Lumina,Derek Watson,Jessica Reynolds,344 Lumina,36 Lumina,Payment
TX138,2023-04-13,Auric,Beverly Hunt,Thomas Hayes,456 Auric,6 Auric,Transfer
TX139,2023-02-26,Auric,Garrett Mclaughlin,Ralph Rice,723 Auric,30 Auric,Purchase
TX140,2023-06-09,Lumina,Scott Strong,Kenneth Bond,121 Lumina,10 Lumina,Payment
TX141,2023-07-06,Zentia,Mrs. Hayley Keith,Briana Rice,641 Zentia,11 Zentia,Transfer
TX142,2023-01-03,Electra,Adam Roberts,Christina Nguyen,889 Electra,26 Electra,Purchase
TX143,2023-02-27,Zentia,Spencer Davis,Tim Brown,31 Zentia,12 Zentia,Transfer
TX144,2023-01-19,Electra,Shane Smith,Natalie Baker,630 Electra,23 Electra,Purchase
TX145,2023-07-28,Lumina,Barbara Quinn,Joseph Jackson,149 Lumina,31 Lumina,Payment
TX146,2023-04-21,Auric,Stacy Miranda,Marie Wilson,295 Auric,18 Auric,Transfer
TX147,2023-03-22,Lumina,Rebekah Marshall,Valerie Tucker,593 Lumina,31 Lumina,Transfer
TX148,2023-04-07,Electra,Melanie Conrad,Tonya Green,195 Electra,35 Electra,Purchase
TX149,2023-05-06,Zentia,Karen Young,Chris Murphy,171 Zentia,27 Zentia,Payment
TX150,2023-08-22,Zentia,Nancy Obrien,Anthony Fry,716 Zentia,21 Zentia,Transfer
TX151,2023-05-10,Auric,Mark Wise,John Flores,859 Auric,43 Auric,Transfer
TX152,2023-03-05,Electra,John Norris,Paula Patton,161 Electra,50 Electra,Transfer
TX153,2023-05-21,Electra,Bryan Wright,Thomas Dixon,215 Electra,26 Electra,Payment
TX154,2023-04-18,Lumina,Jennifer Schwartz,Roberto Estrada,480 Lumina,7 Lumina,Transfer
TX155,2023-05-19,Electra,Kristina Thompson,Anthony Hernandez DVM,24 Electra,20 Electra,Transfer
TX156,2023-03-16,Lumina,Michael Flores,Dustin Dean,340 Lumina,2 Lumina,Payment
TX157,2023-06-08,Zentia,Michael Thompson,James Hayes,226 Zentia,1 Zentia,Transfer
TX158,2023-07-17,Electra,Alyssa Wood,Omar Jones,121 Electra,9 Electra,Transfer
TX159,2023-06-24,Lumina,Wendy Brown MD,Ruben Bradley,31 Lumina,10 Lumina,Purchase
TX160,2023-04-16,Auric,William Herrera,Katherine White,724 Auric,2 Auric,Payment
TX161,2023-04-03,Zentia,Nancy Hoover,Brianna Preston,64 Zentia,29 Zentia,Purchase
TX162,2023-07-18,Auric,Jessica Stewart,Traci Martin DDS,998 Auric,27 Auric,Purchase
TX163,2023-04-09,Zentia,Ashley Hill,Daniel Fry,349 Zentia,19 Zentia,Transfer
TX164,2023-01-19,Electra,Jeffrey Miller,Brett Rowe,35 Electra,41 Electra,Transfer
TX165,2023-06-02,Zentia,Mark Yang,Kelly Lee,166 Zentia,37 Zentia,Payment
TX166,2023-05-15,Zentia,Amy Rogers,Tara Rodriguez,834 Zentia,29 Zentia,Transfer
TX167,2023-03-06,Electra,Amber Miller,Jamie Miles,822 Electra,39 Electra,Transfer
TX168,2023-02-25,Auric,Vanessa Merritt DVM,Mr. James Obrien,787 Auric,5 Auric,Purchase
TX169,2023-07-26,Lumina,Heather Mcintyre,William Jordan,532 Lumina,40 Lumina,Transfer
TX170,2023-06-16,Lumina,James Hicks,Elizabeth Williams,663 Lumina,40 Lumina,Transfer
TX171,2023-01-17,Zentia,Jonathan King,John Oneill,131 Zentia,13 Zentia,Payment
TX172,2023-07-29,Lumina,Scott Crane,Richard Garcia,276 Lumina,3 Lumina,Transfer
TX173,2023-08-02,Auric,Tiffany Gay,Bryan Phillips PhD,9 Auric,47 Auric,Payment
TX174,2023-03-23,Zentia,James Blankenship,Steven Robinson,717 Zentia,3 Zentia,Payment
TX175,2023-08-02,Auric,Rachel Williams,Trevor Swanson,19 Auric,18 Auric,Purchase
TX176,2023-02-10,Lumina,Michael Butler,Krista Morrison,67 Lumina,28 Lumina,Transfer
TX177,2023-04-02,Electra,Grace Kelly,John Richardson,640 Electra,17 Electra,Payment
TX178,2023-03-24,Lumina,Theresa Reyes,Samuel Young,899 Lumina,4 Lumina,Purchase
TX179,2023-06-20,Auric,Jeffrey Ball,Jennifer Owens,272 Auric,6 Auric,Transfer
TX180,2023-06-30,Zentia,Michelle Ruiz,Jacqueline Davis,51 Zentia,30 Zentia,Transfer
TX181,2023-03-07,Zentia,Bradley Ramsey,Evan Stokes,721 Zentia,38 Zentia,Payment
TX182,2023-06-22,Auric,Duane Turner,Ronald Green,253 Auric,7 Auric,Purchase
TX183,2023-06-27,Auric,Nathan Clark,Rachel Campbell,358 Auric,13 Auric,Purchase
TX184,2023-03-03,Electra,Elizabeth Mack,Michael Scott,223 Electra,22 Electra,Payment
TX185,2023-05-10,Zentia,April Phillips,Keith Sparks,352 Zentia,43 Zentia,Purchase
TX186,2023-01-26,Electra,Barbara Perez,Julie Coffey,777 Electra,33 Electra,Purchase
TX187,2023-06-30,Zentia,Michael Berry,Adriana Carr,870 Zentia,46 Zentia,Transfer
TX188,2023-07-15,Electra,Anthony Carter,Julian Jarvis,389 Electra,50 Electra,Payment
TX189,2023-07-11,Electra,Michelle Walker,Natasha Turner,259 Electra,30 Electra,Payment
TX190,2023-07-31,Electra,Kimberly Atkins,Angela Cook,824 Electra,44 Electra,Purchase
TX191,2023-02-04,Lumina,John Richardson,David Campbell,411 Lumina,30 Lumina,Payment
TX192,2023-01-15,Zentia,Joy Watson,Todd Lawrence,280 Zentia,39 Zentia,Transfer
TX193,2023-05-31,Lumina,Eddie Gutierrez,Michael Thomas,177 Lumina,28 Lumina,Transfer
TX194,2023-03-04,Auric,Stacey Mcgee,Natalie Smith,121 Auric,15 Auric,Purchase
TX195,2023-02-21,Auric,Kimberly Ward,Tracy Rhodes,350 Auric,27 Auric,Purchase
TX196,2023-04-30,Lumina,Joel Rios,Ryan Thomas,798 Lumina,41 Lumina,Payment
TX197,2023-01-15,Zentia,Brian Haley,Brittany Brooks,918 Zentia,43 Zentia,Purchase
TX198,2023-02-01,Electra,Evan Ballard,Beverly Flores,549 Electra,12 Electra,Purchase
TX199,2023-02-10,Electra,Donna Blake,Kyle Hayes,333 Electra,28 Electra,Payment
TX200,2023-06-08,Lumina,Joshua Hogan,Richard Meza,786 Lumina,5 Lumina,Purchase
TX201,2023-08-17,Zentia,Christine Contreras,Jorge Frank,747 Zentia,40 Zentia,Purchase
TX202,2023-08-26,Lumina,Emily Rogers,Sean Norton,221 Lumina,23 Lumina,Transfer
TX203,2023-06-11,Electra,Jeffery Gray,David Hale,372 Electra,13 Electra,Transfer
TX204,2023-08-03,Electra,Gina Porter,Kristi Anderson,714 Electra,44 Electra,Payment
TX205,2023-06-02,Electra,Tony Smith IV,Michelle Snyder,609 Electra,41 Electra,Transfer
TX206,2023-04-25,Lumina,Jeffery Walter,Phillip Mayer,766 Lumina,28 Lumina,Transfer
TX207,2023-01-10,Electra,Mary Jones,Kevin Dean,906 Electra,36 Electra,Purchase
TX208,2023-05-14,Electra,Mark Parker,John Williams,768 Electra,40 Electra,Purchase
TX209,2023-02-25,Lumina,Benjamin Rodgers,Nichole Miller PhD,548 Lumina,13 Lumina,Purchase
TX210,2023-04-27,Zentia,Ashley Thompson,Scott Miller,757 Zentia,14 Zentia,Transfer
TX211,2023-02-14,Auric,Seth Brown,Dana Brooks,837 Auric,2 Auric,Purchase
TX212,2023-08-12,Auric,Karen Bridges,Susan Hunt,677 Auric,34 Auric,Transfer
TX213,2023-03-31,Zentia,John Johnson,Andrew Schmidt,114 Zentia,20 Zentia,Payment
TX214,2023-05-03,Zentia,Kenneth Compton,Vicki Snow,213 Zentia,16 Zentia,Payment
TX215,2023-02-28,Lumina,Tara Arroyo,Caitlin Smith,332 Lumina,15 Lumina,Transfer
TX216,2023-06-25,Electra,Regina Beck,Kaitlyn Steele,112 Electra,43 Electra,Transfer
TX217,2023-06-23,Zentia,Shannon White,Eileen Mack,491 Zentia,18 Zentia,Purchase
TX218,2023-06-19,Auric,Tiffany Andrade MD,Bailey Mays,812 Auric,25 Auric,Transfer
TX219,2023-02-15,Lumina,Rebecca Lewis,Joshua Wilson,567 Lumina,25 Lumina,Payment
TX220,2023-07-16,Electra,Ethan Mason,Benjamin Gomez,739 Electra,14 Electra,Purchase
TX221,2023-07-21,Lumina,Steven Rice,Heather Castillo,125 Lumina,1 Lumina,Purchase
TX222,2023-07-01,Lumina,Hannah Turner,Christopher Burns,203 Lumina,49 Lumina,Payment
TX223,2023-07-02,Lumina,Richard Austin,Becky Dickson,876 Lumina,37 Lumina,Transfer
TX224,2023-03-22,Zentia,Andrew Braun,John Booker,709 Zentia,33 Zentia,Purchase
TX225,2023-08-25,Electra,Curtis Moreno,Joshua Black,299 Electra,31 Electra,Purchase
TX226,2023-03-24,Zentia,Harold Schroeder,David Perez,696 Zentia,28 Zentia,Payment
TX227,2023-03-14,Lumina,Sean Keller,Erik Miles,229 Lumina,30 Lumina,Purchase
TX228,2023-07-07,Zentia,Gerald Gonzalez,Terri Jones,4 Zentia,43 Zentia,Payment
TX229,2023-05-02,Auric,Misty Tate,Joshua Ritter,730 Auric,24 Auric,Purchase
TX230,2023-02-05,Lumina,Bob Hoffman,Samantha Mendoza,265 Lumina,29 Lumina,Payment
TX231,2023-04-01,Auric,Thomas Cooley,Lisa Williams,991 Auric,18 Auric,Purchase
TX232,2023-04-20,Zentia,Lisa Myers,Rebecca Sanchez,918 Zentia,7 Zentia,Purchase
TX233,2023-06-16,Auric,Jeffrey Tyler,Victoria Schultz,796 Auric,33 Auric,Payment
TX234,2023-07-27,Zentia,Anna Holmes,Victoria Mcintosh,265 Zentia,13 Zentia,Purchase
TX235,2023-02-07,Lumina,Haley Miller,Julie Schneider,403 Lumina,45 Lumina,Transfer
TX236,2023-03-31,Lumina,Bailey Wheeler,Cassidy Wilson,800 Lumina,31 Lumina,Transfer
TX237,2023-08-02,Electra,Christina Baird,Katelyn Martin,328 Electra,46 Electra,Transfer
TX238,2023-04-15,Electra,Rachel Swanson,Jennifer Mitchell,912 Electra,22 Electra,Payment
TX239,2023-02-16,Auric,Carla Marquez,Paul Richmond,930 Auric,49 Auric,Payment
TX240,2023-02-20,Auric,Bradley Oconnell DDS,Jason Jimenez,877 Auric,28 Auric,Purchase
TX241,2023-02-26,Electra,Cody Adams,James Wilson,280 Electra,45 Electra,Transfer
TX242,2023-04-17,Electra,Tracy Wall,Keith Fields,114 Electra,1 Electra,Transfer
TX243,2023-01-25,Lumina,Katherine Perez,Randall Reed,6 Lumina,36 Lumina,Purchase
TX244,2023-07-10,Zentia,Johnny Hughes,Brandi Kane,912 Zentia,41 Zentia,Transfer
TX245,2023-05-04,Zentia,Jasmine Hartman,Traci Fernandez,218 Zentia,25 Zentia,Payment
TX246,2023-05-23,Auric,Katie Stanley,Ryan Oneal,226 Auric,15 Auric,Transfer
TX247,2023-07-14,Zentia,David Sellers,Lauren Morgan,590 Zentia,14 Zentia,Transfer
TX248,2023-06-04,Zentia,Ms. Terry Sharp MD,Courtney Roberson,705 Zentia,33 Zentia,Purchase
TX249,2023-03-16,Zentia,Susan Duncan,Virginia Hood,370 Zentia,36 Zentia,Payment
TX250,2023-07-09,Electra,Mr. Bobby Miller DVM,Samantha Watson,515 Electra,10 Electra,Transfer
TX251,2023-03-04,Auric,Jonathan Beard,Allison Thompson,409 Auric,17 Auric,Transfer
TX252,2023-06-01,Zentia,Kelly Fox PhD,Joseph Garcia,583 Zentia,47 Zentia,Transfer
TX253,2023-08-25,Lumina,Lindsey Wolf,Spencer Kaufman,232 Lumina,6 Lumina,Payment
TX254,2023-03-18,Lumina,Lisa Mills,Angelica Deleon,881 Lumina,27 Lumina,Payment
TX255,2023-08-20,Zentia,Michelle Jackson,Stephen Brown,525 Zentia,32 Zentia,Purchase
TX256,2023-06-07,Auric,James Padilla,Nina Carter,359 Auric,26 Auric,Transfer
TX257,2023-06-04,Lumina,Victoria Wilson,Eric Hart,236 Lumina,18 Lumina,Transfer
TX258,2023-02-18,Electra,Corey Gross,Juan Shaw,364 Electra,48 Electra,Purchase
TX259,2023-03-21,Lumina,Ann Ali,Brendan Walton,866 Lumina,30 Lumina,Transfer
TX260,2023-04-16,Zentia,Lisa Bush,Charlotte Rivera,443 Zentia,45 Zentia,Payment
TX261,2023-03-22,Auric,Heather Mayer,Savannah Kent,759 Auric,24 Auric,Payment
TX262,2023-07-20,Zentia,Jason Quinn,Jenna Becker,487 Zentia,20 Zentia,Purchase
TX263,2023-05-31,Lumina,Maria Barber,Michael Hayes,111 Lumina,34 Lumina,Payment
TX264,2023-06-16,Auric,Jamie Parks,Kathleen Maldonado,449 Auric,48 Auric,Purchase
TX265,2023-01-31,Lumina,Danielle Kane,Laura Leon,153 Lumina,23 Lumina,Transfer
TX266,2023-07-06,Auric,Cody Moss,Katelyn Miller,154 Auric,24 Auric,Payment
TX267,2023-06-27,Zentia,Elizabeth Johnson,Diana Stanley,11 Zentia,37 Zentia,Transfer
TX268,2023-06-08,Electra,Katelyn Rice,Mark Reid,59 Electra,9 Electra,Transfer
TX269,2023-03-14,Zentia,Sarah Schultz,Maurice Dougherty,449 Zentia,29 Zentia,Transfer
TX270,2023-08-14,Auric,Robert Parks,Robert Garrett,620 Auric,12 Auric,Purchase
TX271,2023-02-25,Electra,Patrick Edwards,Kaitlyn Coleman,408 Electra,37 Electra,Transfer
TX272,2023-02-22,Auric,Rita Jones,Heather Hall,957 Auric,18 Auric,Payment
TX273,2023-02-09,Auric,Emily Owens,Melissa Moon,890 Auric,1 Auric,Purchase
TX274,2023-01-12,Electra,Vanessa Tucker,Amanda Cruz,528 Electra,4 Electra,Payment
TX275,2023-03-29,Lumina,Joseph Zuniga,Carla Oneal,50 Lumina,43 Lumina,Payment
TX276,2023-05-28,Lumina,Kevin Alexander,Alexis Wilson,19 Lumina,36 Lumina,Purchase
TX277,2023-07-11,Lumina,Andrea Hernandez,Samuel Berry,828 Lumina,19 Lumina,Payment
TX278,2023-06-02,Lumina,John Melton,Dr. Troy Carter MD,276 Lumina,37 Lumina,Transfer
TX279,2023-07-11,Zentia,Greg Wang,Robert Black,714 Zentia,32 Zentia,Purchase
TX280,2023-02-15,Lumina,Wanda Johnson,Thomas Turner,599 Lumina,14 Lumina,Purchase
TX281,2023-02-01,Electra,Emily Terrell,Suzanne Acosta,318 Electra,26 Electra,Purchase
TX282,2023-08-14,Auric,Jillian Horne,Lauren Vaughn,129 Auric,9 Auric,Transfer
TX283,2023-08-12,Zentia,Jonathan Hernandez,James Garza,420 Zentia,26 Zentia,Purchase
TX284,2023-02-16,Electra,John Maxwell,Jamie Hicks,123 Electra,8 Electra,Purchase
TX285,2023-01-15,Zentia,Nicholas Torres,Terry Rogers,440 Zentia,38 Zentia,Transfer
TX286,2023-04-28,Lumina,Noah Yang,Jennifer Stevens,269 Lumina,8 Lumina,Purchase
TX287,2023-04-21,Auric,Jose Mccoy,Amy Smith,925 Auric,39 Auric,Payment
TX288,2023-02-24,Zentia,Sarah Black,Lindsay Thompson,190 Zentia,31 Zentia,Payment
TX289,2023-07-05,Electra,Kelly Lee,James Booth,518 Electra,17 Electra,Payment
TX290,2023-01-06,Electra,Jeremy Price,Kayla Long,591 Electra,23 Electra,Transfer
TX291,2023-03-31,Zentia,Aaron Johnson,Shane White,399 Zentia,1 Zentia,Purchase
TX292,2023-01-23,Electra,Justin Cain,Jessica Leonard,320 Electra,10 Electra,Purchase
TX293,2023-05-20,Auric,Alex Smith,Alicia Rivera,603 Auric,45 Auric,Transfer
TX294,2023-04-17,Auric,Sarah Thomas,Michael Smith,138 Auric,21 Auric,Purchase
TX295,2023-02-15,Zentia,Michael Tucker,Anthony Conrad,124 Zentia,40 Zentia,Payment
TX296,2023-03-23,Zentia,Derrick Johnson,Victor Wright,413 Zentia,23 Zentia,Transfer
TX297,2023-05-14,Zentia,Mrs. Madison Snyder DVM,Ronald Moore,632 Zentia,25 Zentia,Transfer
TX298,2023-06-20,Auric,Stacy Sawyer,Maria Lopez,591 Auric,5 Auric,Purchase
TX299,2023-07-08,Lumina,Jeffery Edwards,William Hamilton,918 Lumina,30 Lumina,Transfer
TX300,2023-02-20,Zentia,Jeffery Harrison,Molly Jones,603 Zentia,5 Zentia,Transfer
TX301,2023-01-19,Auric,Lindsay Ward,Mrs. Erica Perez,345 Auric,48 Auric,Purchase
TX302,2023-03-25,Lumina,Jared Richardson,Mackenzie Thompson,996 Lumina,1 Lumina,Payment
TX303,2023-06-18,Lumina,Danielle Benjamin,Troy Sanders,432 Lumina,5 Lumina,Payment
TX304,2023-07-28,Zentia,Brittney Patel,Joseph Cisneros,623 Zentia,46 Zentia,Transfer
TX305,2023-07-22,Lumina,Ronald Gordon,Kimberly Williams,492 Lumina,9 Lumina,Transfer
TX306,2023-06-02,Lumina,Tracey Hooper,Bradley Smith,729 Lumina,45 Lumina,Payment
TX307,2023-07-04,Zentia,Natalie Miller,Benjamin Krueger,301 Zentia,17 Zentia,Purchase
TX308,2023-05-26,Zentia,Troy Whitney,Douglas Davis,320 Zentia,7 Zentia,Payment
TX309,2023-03-23,Lumina,Ashley Smith,Regina James,121 Lumina,23 Lumina,Transfer
TX310,2023-04-28,Zentia,Cynthia Gonzalez,Brittany Bowman,735 Zentia,14 Zentia,Transfer
TX311,2023-07-07,Zentia,Joan Anderson,David Hale,545 Zentia,39 Zentia,Payment
TX312,2023-07-11,Lumina,Melissa Velasquez DVM,Michelle Jones,937 Lumina,33 Lumina,Payment
TX313,2023-03-18,Lumina,Matthew Salazar,Micheal Winters,594 Lumina,29 Lumina,Purchase
TX314,2023-05-06,Auric,Sandra Dickerson,Samantha Parks,929 Auric,26 Auric,Purchase
TX315,2023-06-03,Lumina,Manuel Smith,James Allen,852 Lumina,14 Lumina,Purchase
TX316,2023-04-28,Auric,Brittany Floyd,Craig Rodriguez,965 Auric,22 Auric,Purchase
TX317,2023-05-04,Lumina,Jerry Wells,Lauren Berry,536 Lumina,17 Lumina,Purchase
TX318,2023-04-06,Electra,Richard Ellis,Debra Butler,153 Electra,28 Electra,Payment
TX319,2023-04-27,Lumina,Andrew Dennis,Nathaniel Harding,785 Lumina,30 Lumina,Transfer
TX320,2023-06-05,Lumina,Gary Smith,Teresa Sanders,821 Lumina,23 Lumina,Payment
TX321,2023-02-21,Zentia,Jennifer Thompson,Tracey Guzman,878 Zentia,2 Zentia,Purchase
TX322,2023-06-20,Lumina,Kenneth Richards,Justin Mcdonald,983 Lumina,14 Lumina,Purchase
TX323,2023-01-19,Auric,Rachel Williams,Shelly Evans,501 Auric,45 Auric,Transfer
TX324,2023-04-22,Electra,Juan Cochran,Mr. Jackson Peterson,36 Electra,10 Electra,Transfer
TX325,2023-02-27,Electra,Jennifer Maldonado,Andrea Logan,663 Electra,43 Electra,Payment
TX326,2023-04-02,Lumina,Misty Ryan,Ronald Carpenter,41 Lumina,25 Lumina,Transfer
TX327,2023-04-29,Electra,Karen Johnson,Dylan Martin,712 Electra,7 Electra,Transfer
TX328,2023-01-27,Auric,Courtney Wilson,James Brock,911 Auric,33 Auric,Payment
TX329,2023-02-20,Auric,Tanner Woods,Eric Lam,857 Auric,50 Auric,Transfer
TX330,2023-07-16,Zentia,Elizabeth Roberts,Katelyn Johnson,802 Zentia,49 Zentia,Transfer
TX331,2023-08-12,Auric,Laura Morales,Matthew Schwartz,872 Auric,36 Auric,Payment
TX332,2023-01-29,Auric,Cody Simmons,Mark Harris,752 Auric,11 Auric,Payment
TX333,2023-01-28,Auric,Paul Carpenter,Kyle Clark,468 Auric,4 Auric,Purchase
TX334,2023-01-03,Electra,Joseph Jackson,Brooke Taylor,360 Electra,39 Electra,Transfer
TX335,2023-07-11,Zentia,Michaela Oconnell,Kimberly Medina,128 Zentia,21 Zentia,Transfer
TX336,2023-01-05,Zentia,Gary Glover,Brian Murphy,674 Zentia,2 Zentia,Transfer
TX337,2023-04-28,Lumina,Jason Miller,Steven Rivera,394 Lumina,2 Lumina,Transfer
TX338,2023-05-20,Auric,Hannah Daniels,Allen Wood,284 Auric,8 Auric,Purchase
TX339,2023-03-04,Auric,Virginia Mills,Gabriela Dudley,589 Auric,33 Auric,Payment
TX340,2023-02-13,Zentia,Dustin Morales,Tamara Norris,110 Zentia,9 Zentia,Purchase
TX341,2023-07-02,Auric,Patricia Bentley MD,Carrie Miranda,645 Auric,26 Auric,Transfer
TX342,2023-01-16,Auric,Stacie Michael,Megan Campbell,712 Auric,9 Auric,Transfer
TX343,2023-03-29,Zentia,Isaiah Brown,Melissa Miller,978 Zentia,48 Zentia,Transfer
TX344,2023-01-11,Zentia,Matthew Johnson,Ashley Rodriguez,486 Zentia,17 Zentia,Transfer
TX345,2023-07-14,Auric,Vincent Wright,Terry Mason,12 Auric,30 Auric,Purchase
TX346,2023-04-10,Lumina,Kayla Douglas,Alejandro Olson,175 Lumina,29 Lumina,Transfer
TX347,2023-03-29,Auric,Caitlyn Price,Cheryl Hill,786 Auric,3 Auric,Purchase
TX348,2023-02-06,Auric,Michael Huynh,Monique Marquez,797 Auric,16 Auric,Transfer
TX349,2023-03-09,Zentia,Madison Harrison,Kathy Cervantes,783 Zentia,35 Zentia,Transfer
TX350,2023-02-20,Lumina,Crystal Rodriguez,John Diaz,97 Lumina,16 Lumina,Transfer
TX351,2023-02-16,Auric,Joseph Hall,Megan Fitzgerald,93 Auric,5 Auric,Purchase
TX352,2023-07-08,Lumina,Mary Shelton,Marc Patterson,434 Lumina,1 Lumina,Purchase
TX353,2023-03-28,Electra,Douglas Barnett,Steven Sherman,111 Electra,3 Electra,Payment
TX354,2023-03-08,Zentia,Mariah Castro,Alicia Espinoza,233 Zentia,45 Zentia,Purchase
TX355,2023-05-25,Zentia,Erica Owens,Karen Sutton,706 Zentia,28 Zentia,Transfer
TX356,2023-08-13,Zentia,Amanda Garcia,John Wilkinson,283 Zentia,12 Zentia,Transfer
TX357,2023-03-25,Auric,Joseph Monroe,Sarah Riddle,660 Auric,27 Auric,Payment
TX358,2023-04-26,Lumina,Bailey Davis,James Bender,434 Lumina,13 Lumina,Purchase
TX359,2023-06-03,Auric,Matthew Martinez,Timothy Lam,296 Auric,47 Auric,Payment
TX360,2023-03-24,Zentia,Amber Short,Dr. Steven Conley II,543 Zentia,40 Zentia,Transfer
TX361,2023-07-24,Zentia,Valerie Hutchinson,Anne Davis,905 Zentia,10 Zentia,Transfer
TX362,2023-08-06,Lumina,Lisa Leblanc,Michele Galloway,221 Lumina,25 Lumina,Payment
TX363,2023-02-21,Lumina,Kathleen Nguyen,Jamie Miller,821 Lumina,36 Lumina,Transfer
TX364,2023-02-07,Electra,Brittney Phillips,Vincent Smith,288 Electra,6 Electra,Transfer
TX365,2023-01-08,Electra,Matthew Aguilar,Jill Johnson,879 Electra,25 Electra,Transfer
TX366,2023-06-24,Auric,Erin Hampton,Jordan Herrera,680 Auric,37 Auric,Transfer
TX367,2023-07-13,Auric,Cory Harrison,Ryan Kelly,177 Auric,8 Auric,Transfer
TX368,2023-03-30,Zentia,John Mcintosh,Robert Gardner,280 Zentia,34 Zentia,Transfer
TX369,2023-01-19,Zentia,Debbie Patel,Dennis Stanley,370 Zentia,29 Zentia,Transfer
TX370,2023-06-26,Auric,William Lynch,Erica Caldwell,532 Auric,32 Auric,Purchase
TX371,2023-03-22,Electra,Lindsay Warren,Kaitlyn Greer,846 Electra,49 Electra,Payment
TX372,2023-04-12,Zentia,John Leblanc,Joseph House,556 Zentia,36 Zentia,Transfer
TX373,2023-08-22,Zentia,Jessica Thomas,Greg Vaughn,870 Zentia,29 Zentia,Purchase
TX374,2023-06-24,Zentia,Keith King,Gregory Ward,479 Zentia,2 Zentia,Purchase
TX375,2023-04-11,Auric,Angela Martinez,Jerome Alvarez,843 Auric,34 Auric,Purchase
TX376,2023-01-28,Auric,Pamela Collins,Melissa Gilmore,702 Auric,10 Auric,Transfer
TX377,2023-08-08,Auric,Melissa Gonzalez,Benjamin Bailey,511 Auric,49 Auric,Payment
TX378,2023-03-26,Auric,Nathaniel Orr,Zachary Carey,586 Auric,10 Auric,Payment
TX379,2023-02-18,Lumina,Sean Best,Nancy Floyd,256 Lumina,14 Lumina,Transfer
TX380,2023-05-17,Lumina,Christopher Henderson,Kristen Anderson,660 Lumina,43 Lumina,Purchase
TX381,2023-01-12,Electra,Vanessa Bryant,Jill Smith,721 Electra,38 Electra,Transfer
TX382,2023-03-03,Auric,Ryan Beard,Sheryl Vasquez,78 Auric,5 Auric,Payment
TX383,2023-02-08,Lumina,Joel Roy,Brittney Black,483 Lumina,14 Lumina,Payment
TX384,2023-04-25,Zentia,Andrea Cummings,Melissa Brooks,422 Zentia,12 Zentia,Payment
TX385,2023-05-11,Zentia,Brittany Zimmerman,Derek Miller,325 Zentia,27 Zentia,Purchase
TX386,2023-05-21,Zentia,Ashley Washington,Michael Powell,924 Zentia,15 Zentia,Transfer
TX387,2023-08-20,Zentia,Samuel Ball,Valerie Jennings,535 Zentia,42 Zentia,Transfer
TX388,2023-03-02,Auric,David Lewis,Stephanie Brown PhD,4 Auric,37 Auric,Transfer
TX389,2023-07-27,Auric,Rebecca Brown,David Scott,244 Auric,17 Auric,Purchase
TX390,2023-05-13,Lumina,Kaitlyn Howell,Patrick Hester,702 Lumina,25 Lumina,Transfer
TX391,2023-04-14,Lumina,Dale Ramos,Jeremy Beck,458 Lumina,7 Lumina,Purchase
TX392,2023-08-27,Lumina,Randy Nelson,Mitchell Bishop,121 Lumina,48 Lumina,Payment
TX393,2023-06-25,Lumina,David Lang,Scott Bowen,954 Lumina,20 Lumina,Transfer
TX394,2023-02-20,Zentia,Amber Garcia,Barbara Alexander,562 Zentia,18 Zentia,Transfer
TX395,2023-02-06,Auric,Jessica Boyd,Mr. Charles Reed II,303 Auric,10 Auric,Purchase
TX396,2023-04-16,Zentia,Michael Dougherty,Kathy Lang,35 Zentia,7 Zentia,Payment
TX397,2023-07-07,Zentia,Jennifer Salazar,Ashley Johnston,629 Zentia,46 Zentia,Transfer
TX398,2023-03-17,Auric,Timothy Kramer,Heather Bernard,54 Auric,7 Auric,Purchase
TX399,2023-04-26,Auric,Ross Velasquez,Louis Rogers,163 Auric,38 Auric,Payment
TX400,2023-06-21,Electra,Danny Davidson,Alice George,271 Electra,4 Electra,Payment
TX401,2023-03-06,Electra,Barbara Hall,John Flowers,442 Electra,44 Electra,Purchase
TX402,2023-02-11,Zentia,Elizabeth Wood,Danielle Brown,754 Zentia,24 Zentia,Purchase
TX403,2023-06-17,Electra,Anna Thomas,Jenna Johnson,787 Electra,1 Electra,Purchase
TX404,2023-01-18,Electra,Russell Pierce,Michael Miller,452 Electra,3 Electra,Payment
TX405,2023-02-09,Lumina,Jesse Rivera,Mckenzie Burch,104 Lumina,1 Lumina,Purchase
TX406,2023-04-21,Lumina,Jeffrey Phillips,William Gray,480 Lumina,29 Lumina,Transfer
TX407,2023-07-18,Auric,David Kelly,Mark Peterson,628 Auric,5 Auric,Payment
TX408,2023-04-19,Zentia,Sarah Elliott,Abigail Jones,222 Zentia,3 Zentia,Purchase
TX409,2023-05-09,Lumina,Victoria Glass,Timothy Morgan,747 Lumina,18 Lumina,Transfer
TX410,2023-07-22,Auric,Sheila Bullock,Joseph Davis,501 Auric,13 Auric,Transfer
TX411,2023-06-04,Lumina,Cassie Perez,Andrea Lewis,505 Lumina,15 Lumina,Transfer
TX412,2023-07-22,Lumina,David Ford,Philip Jones,535 Lumina,30 Lumina,Transfer
TX413,2023-01-12,Lumina,Maria Lloyd,Heather Greene,392 Lumina,2 Lumina,Transfer
TX414,2023-08-26,Electra,Steven Crawford,Elizabeth Bailey,392 Electra,37 Electra,Transfer
TX415,2023-05-21,Lumina,Anthony Nguyen,Brett Ramirez,205 Lumina,25 Lumina,Purchase
TX416,2023-02-12,Lumina,Virginia Smith,Ryan Bradshaw,753 Lumina,14 Lumina,Purchase
TX417,2023-02-13,Electra,Stephanie Grimes,Robin Wilcox DDS,745 Electra,8 Electra,Payment
TX418,2023-07-03,Electra,Veronica Austin,Joshua Medina,21 Electra,29 Electra,Transfer
TX419,2023-01-18,Zentia,Marcus Barnes,James Smith,413 Zentia,38 Zentia,Transfer
TX420,2023-03-28,Electra,Micheal Bradford,Michael Mcintosh,729 Electra,3 Electra,Transfer
TX421,2023-07-28,Electra,Charles Duran,Michael Gonzalez,602 Electra,15 Electra,Purchase
TX422,2023-03-07,Lumina,Kristin Patterson,Justin Skinner,263 Lumina,30 Lumina,Purchase
TX423,2023-07-30,Electra,Jose Boyd,Eric Olson,396 Electra,1 Electra,Purchase
TX424,2023-07-30,Auric,Alyssa Myers,Abigail Horn,553 Auric,42 Auric,Transfer
TX425,2023-08-05,Zentia,Cassandra Taylor,Robert Young,151 Zentia,7 Zentia,Payment
TX426,2023-01-12,Electra,Julia Harmon,Joseph Griffith,632 Electra,13 Electra,Transfer
TX427,2023-02-22,Auric,Alexis Harrison,Kevin Hughes,489 Auric,50 Auric,Payment
TX428,2023-05-28,Zentia,Ashley Nguyen,Andrew Terry,685 Zentia,35 Zentia,Transfer
TX429,2023-02-15,Electra,Amanda Parker,Brett Ramirez,684 Electra,28 Electra,Payment
TX430,2023-06-01,Auric,Nicole Evans,Michael Robinson,386 Auric,31 Auric,Payment
TX431,2023-04-30,Auric,Christopher Green,Juan Santana,366 Auric,4 Auric,Purchase
TX432,2023-07-24,Zentia,Jaclyn Henderson,Zachary Lambert DDS,808 Zentia,20 Zentia,Purchase
TX433,2023-05-14,Zentia,Tyrone Archer,Stephen Jones,161 Zentia,30 Zentia,Transfer
TX434,2023-02-27,Auric,Kevin Young,Ryan Aguirre,468 Auric,34 Auric,Payment
TX435,2023-08-01,Zentia,Daniel Ellison,Jennifer Robinson,301 Zentia,5 Zentia,Payment
TX436,2023-01-02,Lumina,James Frank,Dawn Rivers,150 Lumina,28 Lumina,Payment
TX437,2023-02-03,Electra,Tammy Ray,Patricia Ramirez,284 Electra,48 Electra,Payment
TX438,2023-01-12,Lumina,Elizabeth Wise,Selena Carson,349 Lumina,26 Lumina,Payment
TX439,2023-04-30,Auric,Lisa Wright,John Clark,88 Auric,1 Auric,Payment
TX440,2023-07-22,Electra,Madison Jones,Russell Stevenson,370 Electra,41 Electra,Payment
TX441,2023-04-16,Electra,Sean Soto,Deborah Johnson,690 Electra,10 Electra,Purchase
TX442,2023-07-09,Lumina,Hayden King,Nicholas Jones,217 Lumina,5 Lumina,Transfer
TX443,2023-03-14,Lumina,Abigail Snyder,Erin Anderson,338 Lumina,11 Lumina,Transfer
TX444,2023-02-03,Lumina,Brian Thornton MD,Trevor Lopez,317 Lumina,29 Lumina,Transfer
TX445,2023-02-19,Electra,Dustin Johnson,Matthew Martin,840 Electra,2 Electra,Payment
TX446,2023-04-09,Lumina,Robin Bender,Stephen Potts,500 Lumina,45 Lumina,Transfer
TX447,2023-08-15,Zentia,Donna Johnson,Erica Ball,30 Zentia,33 Zentia,Transfer
TX448,2023-03-25,Auric,Stacey Allen,Ashley Taylor,948 Auric,39 Auric,Purchase
TX449,2023-04-27,Zentia,Matthew Moore,Bridget Smith,713 Zentia,31 Zentia,Payment
TX450,2023-04-10,Zentia,James Hill,Whitney Sawyer,958 Zentia,3 Zentia,Purchase
TX451,2023-02-26,Auric,Jesse Graham,Daniel Kelly,368 Auric,12 Auric,Transfer
TX452,2023-04-19,Electra,Melissa Jones,Alexandra King,635 Electra,5 Electra,Payment
TX453,2023-04-11,Auric,Crystal Sanders,Christina Gray,880 Auric,13 Auric,Transfer
TX454,2023-06-14,Auric,Sandra Gomez,Suzanne Chavez,477 Auric,38 Auric,Transfer
TX455,2023-01-09,Zentia,Daniel Johnson,Christopher Ball,815 Zentia,23 Zentia,Transfer
TX456,2023-02-14,Electra,Heather Wood,Stephanie Ortiz,189 Electra,23 Electra,Transfer
TX457,2023-04-22,Lumina,Carrie Medina,Pamela Tyler,382 Lumina,11 Lumina,Transfer
TX458,2023-04-19,Electra,Michael Diaz,Monica Hayes,234 Electra,48 Electra,Payment
TX459,2023-05-24,Zentia,Brittney Hunt,Mr. Steven Tucker,494 Zentia,35 Zentia,Payment
TX460,2023-03-09,Lumina,Mary Ferguson,Sherry Carey,447 Lumina,4 Lumina,Purchase
TX461,2023-07-23,Zentia,Holly Carr,Michael Romero,708 Zentia,24 Zentia,Transfer
TX462,2023-03-09,Electra,John Dudley,Chloe Campbell,825 Electra,49 Electra,Payment
TX463,2023-04-13,Zentia,Joel Rangel,James Myers,612 Zentia,12 Zentia,Payment
TX464,2023-08-24,Zentia,Jennifer Cox,Julie House,37 Zentia,9 Zentia,Purchase
TX465,2023-04-23,Auric,Jason Kirby,John Lindsey,326 Auric,49 Auric,Transfer
TX466,2023-05-23,Electra,Edwin Hill,Jenna Brown,416 Electra,44 Electra,Payment
TX467,2023-07-25,Zentia,Amy Webb,Matthew Holmes,590 Zentia,46 Zentia,Transfer
TX468,2023-04-13,Zentia,Thomas Ramos,Timothy Harris,237 Zentia,7 Zentia,Transfer
TX469,2023-07-08,Auric,Dr. Kevin Myers III,Tonya Sherman,773 Auric,8 Auric,Transfer
TX470,2023-01-14,Lumina,Katie Kennedy,Kimberly Serrano,673 Lumina,10 Lumina,Purchase
TX471,2023-08-02,Auric,Robert Miller,Michael Green,212 Auric,7 Auric,Transfer
TX472,2023-02-12,Lumina,Timothy Huerta,Nichole King,107 Lumina,44 Lumina,Transfer
TX473,2023-06-06,Auric,John Newman,Jennifer Hernandez,452 Auric,46 Auric,Payment
TX474,2023-05-05,Electra,Tonya Rhodes,Anthony Moody,19 Electra,48 Electra,Purchase
TX475,2023-01-19,Electra,Jack Wheeler DDS,Thomas Jones,861 Electra,24 Electra,Transfer
TX476,2023-01-12,Zentia,Melissa Thornton,Gregory Cortez,339 Zentia,32 Zentia,Purchase
TX477,2023-03-09,Auric,Peter Anderson,Tracy Wilson,986 Auric,50 Auric,Payment
TX478,2023-05-06,Lumina,Anthony Brandt,Tamara Walton,765 Lumina,4 Lumina,Purchase
TX479,2023-04-21,Zentia,Steven Stevens,Crystal Campbell,564 Zentia,15 Zentia,Purchase
TX480,2023-01-17,Lumina,David Keith,Wendy Branch,687 Lumina,50 Lumina,Transfer
TX481,2023-02-18,Lumina,Olivia Hernandez,Roy Holt,97 Lumina,2 Lumina,Purchase
TX482,2023-04-26,Zentia,Scott Young,Sandra Martin,354 Zentia,19 Zentia,Payment
TX483,2023-04-21,Lumina,Michael Summers,Timothy Lee,325 Lumina,20 Lumina,Purchase
TX484,2023-04-10,Lumina,Felicia Robinson,Charles Kennedy,380 Lumina,17 Lumina,Purchase
TX485,2023-03-31,Zentia,Melissa Mullins,Brenda Thomas,613 Zentia,13 Zentia,Transfer
TX486,2023-06-03,Auric,Sarah Miller,Jerry Nichols,244 Auric,10 Auric,Payment
TX487,2023-05-11,Lumina,Michael Ramirez,Michelle Davis,934 Lumina,10 Lumina,Payment
TX488,2023-02-03,Auric,Mark Velez,Gina Edwards,445 Auric,43 Auric,Purchase
TX489,2023-02-09,Lumina,Michael Johnson,Mr. Charles Dawson,175 Lumina,4 Lumina,Payment
TX490,2023-05-14,Zentia,Tiffany Contreras,Krystal Evans,74 Zentia,49 Zentia,Transfer
TX491,2023-08-27,Zentia,Larry Hurley,Paul Ho,7 Zentia,47 Zentia,Payment
TX492,2023-03-28,Electra,Chelsea Holder,Kenneth Little,768 Electra,49 Electra,Transfer
TX493,2023-03-22,Zentia,Nicole Reynolds,Amanda Landry,221 Zentia,21 Zentia,Payment
TX494,2023-02-19,Auric,Christopher Obrien,Anthony English,778 Auric,37 Auric,Payment
TX495,2023-08-11,Lumina,Christopher Farmer,Terry Payne,35 Lumina,13 Lumina,Transfer
TX496,2023-02-12,Lumina,Kimberly King,Heather Carter,635 Lumina,9 Lumina,Payment
TX497,2023-02-13,Auric,Lisa Garrett,David Estrada,1000 Auric,32 Auric,Purchase
TX498,2023-06-14,Lumina,Brian Torres,Ronald Pearson,750 Lumina,48 Lumina,Purchase
TX499,2023-01-26,Zentia,Julie Kemp DVM,Seth Allen,417 Zentia,10 Zentia,Purchase
TX500,2023-07-06,Lumina,Jennifer Weiss,Ann Mcdonald,159 Lumina,39 Lumina,Purchase
TX501,2023-07-11,Lumina,Shelley Thomas,Stacy Simpson,707 Lumina,19 Lumina,Purchase
TX502,2023-04-25,Zentia,Tanya Lopez,Shannon Butler,615 Zentia,6 Zentia,Purchase
TX503,2023-05-04,Zentia,Michelle Figueroa,Karen Williams,790 Zentia,2 Zentia,Transfer
TX504,2023-03-06,Lumina,Joseph Anderson,Scott Jennings,730 Lumina,33 Lumina,Purchase
TX505,2023-06-26,Electra,Jessica Chan,Barbara Rodriguez,416 Electra,24 Electra,Payment
TX506,2023-03-23,Electra,Jack George,Michael Stewart DVM,948 Electra,2 Electra,Purchase
TX507,2023-08-16,Auric,Christine Alvarez,Patrick Schmitt DDS,337 Auric,37 Auric,Transfer
TX508,2023-02-03,Zentia,Dustin Lewis,Joshua Bolton,783 Zentia,42 Zentia,Purchase
TX509,2023-07-09,Lumina,Nancy Lyons,Patrick Flores,625 Lumina,16 Lumina,Transfer
TX510,2023-08-14,Electra,Justin Guzman,Tammy Anderson,770 Electra,6 Electra,Purchase
TX511,2023-08-21,Lumina,Katherine Snyder,William Melendez,593 Lumina,33 Lumina,Transfer
TX512,2023-01-31,Auric,Olivia Williams,Gregory Smith,112 Auric,39 Auric,Purchase
TX513,2023-05-01,Lumina,Todd Patel,Monica Osborne,885 Lumina,26 Lumina,Purchase
TX514,2023-06-11,Electra,Anthony Clark,Michael Acosta,884 Electra,37 Electra,Payment
TX515,2023-02-23,Zentia,Roy Hancock,Norma Mitchell,226 Zentia,10 Zentia,Purchase
TX516,2023-08-10,Zentia,Paul Diaz,David Martinez,703 Zentia,4 Zentia,Transfer
TX517,2023-07-22,Lumina,Sophia Diaz,Tyler Rice,968 Lumina,3 Lumina,Purchase
TX518,2023-01-23,Lumina,Stephanie Fitzgerald,Tanya Kelly,431 Lumina,19 Lumina,Transfer
TX519,2023-01-10,Electra,Danielle Alexander,Jesse Guzman,769 Electra,21 Electra,Payment
TX520,2023-06-07,Lumina,Kayla Wilson,Shannon White,296 Lumina,17 Lumina,Payment
TX521,2023-02-14,Lumina,Jesse Davis,Alyssa Khan,619 Lumina,45 Lumina,Transfer
TX522,2023-02-13,Auric,John Powell,Kyle Smith,95 Auric,27 Auric,Payment
TX523,2023-03-18,Electra,Michael Wilson,Julie Howard,105 Electra,47 Electra,Purchase
TX524,2023-07-20,Lumina,Thomas Miller,Chad Bridges,203 Lumina,10 Lumina,Payment
TX525,2023-06-20,Auric,Brandy Vaughn,Tammie Taylor,467 Auric,15 Auric,Transfer
TX526,2023-07-22,Electra,John Lewis,David Lara,211 Electra,42 Electra,Transfer
TX527,2023-03-29,Zentia,Hannah Boyer,Angela Rosales,714 Zentia,3 Zentia,Payment
TX528,2023-04-28,Electra,Christine Hayden,Christopher Shea,67 Electra,37 Electra,Purchase
TX529,2023-06-21,Electra,Jamie Day,Frank Knight,199 Electra,1 Electra,Transfer
TX530,2023-08-22,Zentia,Joshua Crawford,Tyler Mills,585 Zentia,31 Zentia,Payment
TX531,2023-08-24,Lumina,James Wolf,John Pruitt,386 Lumina,14 Lumina,Transfer
TX532,2023-01-28,Lumina,Lisa Lawrence,Cameron Johnson,683 Lumina,38 Lumina,Payment
TX533,2023-06-24,Lumina,Brian Taylor,Marissa Turner,699 Lumina,12 Lumina,Payment
TX534,2023-07-06,Electra,Donna Morrison,Jose Hunter,557 Electra,45 Electra,Payment
TX535,2023-08-10,Auric,Brenda Young,Benjamin Kim,206 Auric,32 Auric,Transfer
TX536,2023-04-23,Lumina,Anthony Sullivan,Jeremy Maynard,271 Lumina,14 Lumina,Purchase
TX537,2023-07-07,Electra,Elizabeth Woods,Brian Peterson,668 Electra,14 Electra,Payment
TX538,2023-03-10,Lumina,Gerald Carpenter,Jaime Taylor,400 Lumina,23 Lumina,Transfer
TX539,2023-04-30,Zentia,Brian Leach,Carol Garrett,310 Zentia,29 Zentia,Purchase
TX540,2023-08-07,Auric,Benjamin Armstrong,Frank Henry,451 Auric,32 Auric,Payment
TX541,2023-05-22,Electra,Sara Lynn,Blake Foster,324 Electra,23 Electra,Transfer
TX542,2023-01-09,Electra,Jimmy Hicks,Brian Roberson,69 Electra,3 Electra,Payment
TX543,2023-02-01,Electra,Dean Hurst,Justin Carr,364 Electra,46 Electra,Purchase
TX544,2023-05-25,Electra,Penny Hines,Donald Lang,719 Electra,13 Electra,Payment
TX545,2023-06-08,Auric,Elizabeth Vasquez,Juan Villanueva,448 Auric,23 Auric,Payment
TX546,2023-08-20,Zentia,George Spencer,Nicholas Gould,690 Zentia,36 Zentia,Payment
TX547,2023-05-16,Lumina,Nathaniel Moore,Mr. Matthew Pratt MD,263 Lumina,38 Lumina,Transfer
TX548,2023-05-12,Lumina,Nicholas Fernandez,Brian Robertson,913 Lumina,9 Lumina,Purchase
TX549,2023-08-20,Zentia,Regina Beltran,Crystal Knapp,220 Zentia,28 Zentia,Transfer
TX550,2023-02-20,Electra,Lindsey Martin,Troy Robinson,753 Electra,24 Electra,Purchase
TX551,2023-05-26,Lumina,Brandon Ellis,Troy Abbott,282 Lumina,11 Lumina,Payment
TX552,2023-07-21,Lumina,Courtney Edwards,Riley Wong,228 Lumina,29 Lumina,Payment
TX553,2023-03-06,Zentia,Antonio Gonzalez,William Meyer,283 Zentia,18 Zentia,Payment
TX554,2023-04-02,Electra,Katherine Johnson,Raven Perry,670 Electra,21 Electra,Payment
TX555,2023-04-07,Lumina,Erik Frederick,Jesse Le,771 Lumina,12 Lumina,Purchase
TX556,2023-08-10,Zentia,Brenda Stark,Carol Benson,837 Zentia,1 Zentia,Purchase
TX557,2023-06-12,Auric,Jennifer Ramirez,Andrea Tate,581 Auric,4 Auric,Transfer
TX558,2023-04-08,Lumina,Nathan Bowen,Daniel Mills,304 Lumina,4 Lumina,Payment
TX559,2023-02-23,Electra,John Hall,Joshua Bentley,898 Electra,36 Electra,Payment
TX560,2023-04-27,Lumina,Connie Alexander,Lauren Williams,233 Lumina,46 Lumina,Payment
TX561,2023-07-18,Zentia,Tammy Rodriguez,Kenneth Gross,763 Zentia,3 Zentia,Payment
TX562,2023-02-06,Lumina,Danielle Kane,James Hernandez,170 Lumina,39 Lumina,Transfer
TX563,2023-07-06,Auric,Sarah Mason,James Herrera,837 Auric,20 Auric,Purchase
TX564,2023-01-03,Lumina,Robert Boyer,Daniel Tran,924 Lumina,41 Lumina,Purchase
TX565,2023-06-15,Zentia,Stephanie Price,Jennifer Mclean,179 Zentia,43 Zentia,Transfer
TX566,2023-04-21,Lumina,Kayla Gamble,Emma Lee,845 Lumina,11 Lumina,Transfer
TX567,2023-03-29,Electra,Vincent Gray,Corey Strong,33 Electra,4 Electra,Payment
TX568,2023-02-28,Auric,John Lopez,Joseph Lee,377 Auric,3 Auric,Transfer
TX569,2023-06-25,Electra,Trevor Wright,Shane Harper,959 Electra,41 Electra,Transfer
TX570,2023-08-17,Lumina,Roy Berry,Sara Aguilar,55 Lumina,20 Lumina,Purchase
TX571,2023-04-16,Lumina,Courtney Gilbert,Amanda Black,891 Lumina,50 Lumina,Transfer
TX572,2023-03-23,Lumina,Alexander Schwartz,Brian Meadows,342 Lumina,17 Lumina,Payment
TX573,2023-05-30,Auric,Alisha Dunn,Melanie Bailey,39 Auric,5 Auric,Purchase
TX574,2023-07-26,Zentia,Robert Henry,Veronica Dorsey,983 Zentia,24 Zentia,Purchase
TX575,2023-06-20,Electra,Chad Williams,Alexander Rice,925 Electra,2 Electra,Payment
TX576,2023-06-14,Electra,Eugene Rodriguez,Charles Novak,486 Electra,42 Electra,Transfer
TX577,2023-01-23,Electra,Melvin Bailey,Shawn Haley,785 Electra,18 Electra,Payment
TX578,2023-07-10,Lumina,Eric Mcmillan,Adrienne Hernandez,741 Lumina,16 Lumina,Payment
TX579,2023-01-03,Zentia,Linda Freeman,Jason Keller,841 Zentia,21 Zentia,Payment
TX580,2023-08-11,Lumina,Beth Hobbs,Wendy Schmidt,876 Lumina,37 Lumina,Payment
TX581,2023-01-11,Electra,Mary Morrison,Elizabeth Flowers,346 Electra,34 Electra,Payment
TX582,2023-01-27,Lumina,Rebecca Phelps,Jason Garcia Jr.,417 Lumina,10 Lumina,Transfer
TX583,2023-06-13,Electra,Matthew Cardenas,Jamie Williams,190 Electra,36 Electra,Payment
TX584,2023-05-06,Zentia,Meredith Vincent,Henry Morgan,667 Zentia,18 Zentia,Purchase
TX585,2023-02-18,Lumina,Troy Holmes,Karen Lawrence,888 Lumina,1 Lumina,Transfer
TX586,2023-04-19,Electra,Donna Carrillo,Donna Guerrero,857 Electra,4 Electra,Transfer
TX587,2023-02-19,Electra,Gary Johnson,Brian Lester,165 Electra,48 Electra,Payment
TX588,2023-07-31,Electra,Michael Clark,Benjamin Calderon,744 Electra,42 Electra,Transfer
TX589,2023-02-14,Zentia,Jack Daniel,Kaitlyn Flores,230 Zentia,2 Zentia,Payment
TX590,2023-01-16,Electra,Dr. Charles Palmer,Kelly Wilson,497 Electra,41 Electra,Transfer
TX591,2023-08-24,Zentia,Scott Preston,Joshua Brown,981 Zentia,31 Zentia,Transfer
TX592,2023-05-04,Lumina,Joseph Sutton,Susan Webb,96 Lumina,17 Lumina,Payment
TX593,2023-05-07,Lumina,Anthony Williamson,Michael Lewis,584 Lumina,42 Lumina,Transfer
TX594,2023-01-05,Auric,Anthony James,Natasha Lawson,977 Auric,8 Auric,Transfer
TX595,2023-01-23,Lumina,Jason Ortiz,Jeremy Torres,523 Lumina,10 Lumina,Purchase
TX596,2023-02-27,Zentia,Robert Miller,Billy Jenkins,293 Zentia,29 Zentia,Payment
TX597,2023-08-06,Zentia,Mary Tran,Alex Thompson,566 Zentia,6 Zentia,Payment
TX598,2023-02-17,Zentia,Scott Martinez,Amanda Rodriguez,818 Zentia,12 Zentia,Transfer
TX599,2023-02-23,Zentia,Shannon Mendez,Brian Gonzales,359 Zentia,27 Zentia,Purchase
TX600,2023-02-24,Zentia,Miss Deborah Lozano MD,Nichole Hester,189 Zentia,48 Zentia,Payment
TX601,2023-08-25,Auric,Brian Gonzalez,Travis Matthews,856 Auric,32 Auric,Purchase
TX602,2023-07-30,Lumina,Kenneth Bell,Tammy Taylor,823 Lumina,2 Lumina,Payment
TX603,2023-01-04,Zentia,Dawn Rivera,Catherine Bradford,348 Zentia,1 Zentia,Payment
TX604,2023-08-20,Lumina,Danielle Harrison,Stephen Hernandez,731 Lumina,39 Lumina,Payment
TX605,2023-01-30,Electra,Samuel James,Theresa Brown,740 Electra,44 Electra,Payment
TX606,2023-03-13,Lumina,Erica Butler,Megan Park,600 Lumina,4 Lumina,Transfer
TX607,2023-03-22,Auric,Sarah Rubio,Julia Maddox,277 Auric,17 Auric,Purchase
TX608,2023-07-28,Zentia,Victor Tran,Joshua Rubio,829 Zentia,37 Zentia,Transfer
TX609,2023-01-31,Auric,Trevor Church,Patricia Peck,102 Auric,20 Auric,Purchase
TX610,2023-05-14,Lumina,Robert Frey,Robert Watkins,354 Lumina,21 Lumina,Purchase
TX611,2023-06-06,Lumina,Jeffrey Molina,Victoria Baker,662 Lumina,19 Lumina,Payment
TX612,2023-07-27,Zentia,Kim Wilkinson,Alejandra White,795 Zentia,22 Zentia,Transfer
TX613,2023-05-23,Zentia,Daniel Campbell,Ronald Byrd,439 Zentia,22 Zentia,Purchase
TX614,2023-02-13,Lumina,Stephanie Welch,Sarah Houston,378 Lumina,45 Lumina,Transfer
TX615,2023-06-26,Auric,Dwayne Adams,Scott Harper,764 Auric,13 Auric,Purchase
TX616,2023-01-28,Lumina,Maria Rice,Mrs. Yolanda Fowler PhD,763 Lumina,30 Lumina,Transfer
TX617,2023-06-13,Auric,Samuel Bean,Erin Harris,513 Auric,17 Auric,Purchase
TX618,2023-03-22,Zentia,Rose Bailey,Jonathan Taylor,19 Zentia,8 Zentia,Transfer
TX619,2023-04-09,Electra,Logan Matthews,Taylor Baker,130 Electra,37 Electra,Transfer
TX620,2023-05-19,Auric,Deborah Adkins,Crystal Lane,487 Auric,20 Auric,Transfer
TX621,2023-05-03,Electra,Tiffany Washington,Lydia Brown,139 Electra,43 Electra,Transfer
TX622,2023-07-25,Zentia,Amy Peterson,Mary Paul,973 Zentia,38 Zentia,Payment
TX623,2023-01-02,Zentia,Eric Munoz,Natasha Wilson,938 Zentia,27 Zentia,Payment
TX624,2023-01-21,Zentia,Susan Bowman,Lisa Montoya,234 Zentia,11 Zentia,Payment
TX625,2023-03-12,Lumina,John Thomas,Karen Shepherd,309 Lumina,27 Lumina,Payment
TX626,2023-01-05,Electra,Jim Owen,Dr. Joseph Ali,919 Electra,23 Electra,Transfer
TX627,2023-02-11,Lumina,Lauren Mendoza,Courtney Livingston,519 Lumina,34 Lumina,Purchase
TX628,2023-02-18,Electra,Laura Allison,Billy Davis,685 Electra,43 Electra,Purchase
TX629,2023-02-28,Lumina,Julie Craig,Timothy Lee,184 Lumina,29 Lumina,Transfer
TX630,2023-02-20,Electra,Patricia Evans,Lisa Smith,73 Electra,49 Electra,Payment
TX631,2023-08-04,Lumina,John Perry,Louis Quinn,737 Lumina,11 Lumina,Transfer
TX632,2023-01-04,Electra,Joshua Jennings,Mary Peterson,730 Electra,23 Electra,Transfer
TX633,2023-05-24,Electra,Martin Steele,Gary Pham,708 Electra,15 Electra,Payment
TX634,2023-07-20,Lumina,Erika Johnson,Sandra Rogers,860 Lumina,3 Lumina,Payment
TX635,2023-05-31,Auric,Jennifer Hill,Adrian Torres,392 Auric,39 Auric,Purchase
TX636,2023-07-03,Auric,Shelby Lopez,Carla Patel,32 Auric,15 Auric,Purchase
TX637,2023-02-27,Auric,Heather Kim,Carla Mendez,579 Auric,7 Auric,Purchase
TX638,2023-05-14,Zentia,Jennifer Garcia,Erica Wilson,850 Zentia,17 Zentia,Payment
TX639,2023-08-14,Zentia,Amanda Miller,Hannah Harrington,741 Zentia,43 Zentia,Payment
TX640,2023-01-04,Electra,Tamara Ortiz,Scott Simpson,966 Electra,3 Electra,Transfer
TX641,2023-04-26,Lumina,Andrew Dalton,Victoria Miller,373 Lumina,9 Lumina,Payment
TX642,2023-07-24,Auric,Jamie Moon,Scott Green,204 Auric,28 Auric,Payment
TX643,2023-01-19,Zentia,Courtney Salazar,Derek Stone,543 Zentia,19 Zentia,Purchase
TX644,2023-01-30,Lumina,Leslie Mcdonald,Nicole Weeks,294 Lumina,39 Lumina,Purchase
TX645,2023-05-27,Auric,Lisa Stevenson,Anthony Howard,535 Auric,6 Auric,Transfer
TX646,2023-08-27,Lumina,Ryan Yang,Nicholas Gomez,676 Lumina,4 Lumina,Transfer
TX647,2023-06-18,Auric,Shannon Bentley,Raymond Thomas,974 Auric,24 Auric,Transfer
TX648,2023-08-21,Electra,Daniel Lindsey,Shannon Richardson,687 Electra,20 Electra,Transfer
TX649,2023-03-25,Zentia,Christopher Adams,Kristine Boyd,213 Zentia,15 Zentia,Transfer
TX650,2023-03-08,Electra,Bethany Copeland,Paige White,469 Electra,4 Electra,Purchase
TX651,2023-01-24,Lumina,Matthew Price,Erin Gomez,32 Lumina,42 Lumina,Payment
TX652,2023-08-10,Electra,Tiffany Moore,Katherine Ellis,731 Electra,15 Electra,Payment
TX653,2023-01-11,Electra,Margaret Gonzales,Joanne Aguilar,641 Electra,34 Electra,Payment
TX654,2023-01-22,Lumina,Dawn Fitzpatrick,Heather Hopkins,667 Lumina,10 Lumina,Purchase
TX655,2023-04-26,Lumina,Hunter Grimes,Ryan Schroeder,472 Lumina,16 Lumina,Transfer
TX656,2023-04-22,Electra,Wesley Adkins,Stephanie Miller,304 Electra,13 Electra,Payment
TX657,2023-02-27,Zentia,Hannah Gibson,Theodore Neal,347 Zentia,12 Zentia,Purchase
TX658,2023-06-24,Auric,Norman Baker Jr.,Dylan Harding,102 Auric,43 Auric,Payment
TX659,2023-04-23,Auric,Jessica Phillips,Shelly Perez,6 Auric,13 Auric,Transfer
TX660,2023-07-25,Auric,David Turner,Jacob Morris,55 Auric,20 Auric,Purchase
TX661,2023-08-21,Lumina,Michael Ross,Zachary Savage,382 Lumina,32 Lumina,Transfer
TX662,2023-03-02,Lumina,Jessica Johnston,Jessica Patrick,380 Lumina,2 Lumina,Purchase
TX663,2023-05-29,Lumina,Francisco Elliott,Scott Ortiz,466 Lumina,23 Lumina,Transfer
TX664,2023-07-19,Zentia,Melissa Hayes,Joseph Wilson,233 Zentia,43 Zentia,Purchase
TX665,2023-05-29,Auric,Jeffrey Brown,Heather Ortega,283 Auric,35 Auric,Purchase
TX666,2023-03-03,Electra,Debbie Johnson DVM,Felicia Phillips,363 Electra,24 Electra,Purchase
TX667,2023-06-12,Electra,Laura Rodriguez,Michael Gonzalez,785 Electra,34 Electra,Purchase
TX668,2023-03-18,Zentia,James Weiss,Louis Burns,676 Zentia,2 Zentia,Transfer
TX669,2023-01-02,Electra,Melanie Ochoa,Nicole Allen,235 Electra,37 Electra,Purchase
TX670,2023-03-24,Lumina,Kimberly Johnson,Katherine Duran,983 Lumina,26 Lumina,Transfer
TX671,2023-01-24,Electra,James Kirby,Timothy Doyle,467 Electra,34 Electra,Purchase
TX672,2023-02-09,Electra,Jessica Hughes,Ashley Crawford,513 Electra,20 Electra,Payment
TX673,2023-03-10,Electra,Christian Rogers,Bonnie Mcdonald,588 Electra,10 Electra,Purchase
TX674,2023-08-14,Zentia,Kelly Johnson,Danielle Stewart,374 Zentia,16 Zentia,Payment
TX675,2023-06-25,Zentia,Carolyn Lopez,Tristan Allen,907 Zentia,38 Zentia,Transfer
TX676,2023-08-18,Auric,Danny Payne,David Jarvis,403 Auric,28 Auric,Payment
TX677,2023-01-27,Auric,Christopher Young,Casey Ali,71 Auric,25 Auric,Transfer
TX678,2023-04-22,Lumina,Danielle Marshall,Adam Hart,220 Lumina,15 Lumina,Purchase
TX679,2023-08-16,Electra,Sara Maynard,James Cole,258 Electra,10 Electra,Transfer
TX680,2023-06-14,Lumina,Ashley Kidd,Valerie Gates,771 Lumina,9 Lumina,Purchase
TX681,2023-04-10,Auric,Andrea Taylor,Edward Reynolds,99 Auric,6 Auric,Purchase
TX682,2023-04-17,Auric,Sarah Fleming,Lauren Pena,378 Auric,9 Auric,Payment
TX683,2023-05-09,Auric,John Burns,Susan Duncan,745 Auric,25 Auric,Transfer
TX684,2023-05-03,Zentia,Anna Lozano,Derek Galloway,397 Zentia,35 Zentia,Purchase
TX685,2023-03-01,Electra,Elizabeth Hutchinson,Katelyn Snyder,724 Electra,2 Electra,Purchase
TX686,2023-01-11,Lumina,Jennifer Gonzalez,Daryl Ross,617 Lumina,28 Lumina,Purchase
TX687,2023-01-20,Lumina,Rachael Weeks,Ashley Johnson,991 Lumina,25 Lumina,Payment
TX688,2023-03-09,Zentia,Molly Hess,Benjamin Dean,178 Zentia,13 Zentia,Payment
TX689,2023-08-21,Electra,Gabrielle Hall,William Burgess,707 Electra,18 Electra,Transfer
TX690,2023-07-22,Electra,Sarah Thomas,Shannon Perez,435 Electra,41 Electra,Purchase
TX691,2023-03-16,Auric,Marc Figueroa,Lori Tate,137 Auric,39 Auric,Transfer
TX692,2023-06-02,Zentia,Jill Cox,Mary Boyer,706 Zentia,24 Zentia,Payment
TX693,2023-01-14,Lumina,Jasmine Little,Eric Phillips,174 Lumina,10 Lumina,Payment
TX694,2023-01-19,Auric,Jonathan Mayo,Donna Garcia,909 Auric,11 Auric,Payment
TX695,2023-03-28,Auric,Jaime Harrington,Ruth Taylor,726 Auric,42 Auric,Payment
TX696,2023-05-30,Zentia,Brian George,Nicholas Phillips,808 Zentia,26 Zentia,Purchase
TX697,2023-01-21,Electra,Eric Hartman,Johnny Hernandez,209 Electra,40 Electra,Transfer
TX698,2023-07-02,Lumina,Lauren Hunter,Douglas Ortiz,578 Lumina,4 Lumina,Transfer
TX699,2023-07-02,Zentia,Matthew Walker,Joseph Campbell,953 Zentia,27 Zentia,Purchase
TX700,2023-01-01,Lumina,Cameron Hunter,Kevin Ross,766 Lumina,12 Lumina,Purchase
TX701,2023-06-16,Lumina,Keith Weber,Sandra Rodriguez,186 Lumina,2 Lumina,Payment
TX702,2023-03-15,Auric,Brian Rodriguez,Jeffery Walter,78 Auric,28 Auric,Transfer
TX703,2023-04-13,Lumina,Robert Winters,Katherine Jennings,351 Lumina,27 Lumina,Payment
TX704,2023-04-17,Electra,Eric Higgins,Stephen Flores,898 Electra,48 Electra,Transfer
TX705,2023-03-30,Zentia,Lisa Martinez,Gwendolyn Larson,942 Zentia,20 Zentia,Payment
TX706,2023-04-11,Lumina,Jacqueline Carson,Holly Williams,696 Lumina,8 Lumina,Payment
TX707,2023-04-29,Auric,Angelica Cox,Cameron Turner,41 Auric,36 Auric,Transfer
TX708,2023-01-15,Zentia,Daniel Cruz,Andrea Sullivan,663 Zentia,38 Zentia,Transfer
TX709,2023-06-28,Auric,Robert Campbell,Jason Kramer Jr.,358 Auric,14 Auric,Payment
TX710,2023-02-09,Auric,Renee Martinez,Cheyenne Jennings,790 Auric,31 Auric,Payment
TX711,2023-05-16,Electra,Matthew Nelson,Selena Curtis,465 Electra,33 Electra,Transfer
TX712,2023-05-20,Electra,James Daniels,Jacob Winters,925 Electra,18 Electra,Purchase
TX713,2023-01-21,Zentia,Michelle Webb,Karen Allison,343 Zentia,44 Zentia,Payment
TX714,2023-04-01,Zentia,Mark Flores,Erica Scott,549 Zentia,24 Zentia,Payment
TX715,2023-06-07,Zentia,Melissa Vasquez,Annette Henderson,310 Zentia,21 Zentia,Purchase
TX716,2023-02-26,Lumina,Kimberly Bell,Mary Allen,900 Lumina,41 Lumina,Transfer
TX717,2023-02-09,Lumina,Samantha Long,Elizabeth Jones,271 Lumina,26 Lumina,Transfer
TX718,2023-07-25,Zentia,Larry Soto,Mrs. Martha Mejia,682 Zentia,38 Zentia,Payment
TX719,2023-07-07,Lumina,Jennifer Perkins,Christopher Hansen,317 Lumina,41 Lumina,Purchase
TX720,2023-03-15,Auric,Zachary Martin,Emily Green,634 Auric,47 Auric,Payment
TX721,2023-03-18,Zentia,Edward Rice,Austin Thompson,834 Zentia,9 Zentia,Payment
TX722,2023-05-10,Electra,Matthew May,Sharon Morgan,460 Electra,15 Electra,Transfer
TX723,2023-04-06,Electra,Timothy Kelley,Carrie Jordan,89 Electra,3 Electra,Payment
TX724,2023-07-08,Lumina,Christopher Wilson,Anita Cook,461 Lumina,32 Lumina,Purchase
TX725,2023-04-11,Electra,Roger Lee,Jason Burke,320 Electra,27 Electra,Payment
TX726,2023-01-31,Lumina,Amy Baird,Caroline Lee,867 Lumina,16 Lumina,Purchase
TX727,2023-07-10,Zentia,Alexis Oconnor,Bruce Lowery,625 Zentia,35 Zentia,Purchase
TX728,2023-03-26,Lumina,Taylor Johnson,Jacob Bates,285 Lumina,27 Lumina,Payment
TX729,2023-08-15,Electra,Nicholas Garza,Amber Roberts,770 Electra,6 Electra,Purchase
TX730,2023-02-06,Electra,Joshua May Jr.,Michelle Cummings,535 Electra,8 Electra,Purchase
TX731,2023-05-06,Lumina,Kathleen Hayden,Jonathan Miller,434 Lumina,36 Lumina,Purchase
TX732,2023-07-10,Lumina,Jacob May,Billy Lowe,96 Lumina,46 Lumina,Transfer
TX733,2023-07-20,Electra,Adam Parker,Whitney Harris,102 Electra,48 Electra,Payment
TX734,2023-05-08,Auric,Barbara Thomas,Erica Ray,399 Auric,13 Auric,Purchase
TX735,2023-03-11,Auric,Adam Mcknight,Cindy Moore,509 Auric,18 Auric,Payment
TX736,2023-03-21,Electra,Timothy Hoffman,Matthew Cooper,919 Electra,48 Electra,Purchase
TX737,2023-05-15,Auric,Ashley Ashley,Robin Barrett,384 Auric,3 Auric,Payment
TX738,2023-05-29,Auric,Amber Kline,Steven Snyder,621 Auric,42 Auric,Payment
TX739,2023-04-20,Lumina,Shannon Davis,Keith Turner,731 Lumina,35 Lumina,Transfer
TX740,2023-08-16,Electra,Jessica Willis,Kenneth Sparks,727 Electra,42 Electra,Payment
TX741,2023-08-21,Electra,Justin Monroe,Jon Bartlett,404 Electra,50 Electra,Payment
TX742,2023-01-11,Zentia,Donald Stein,Hannah Duran,205 Zentia,36 Zentia,Purchase
TX743,2023-02-09,Electra,Paula Brooks,Spencer Jackson,454 Electra,9 Electra,Purchase
TX744,2023-08-22,Auric,Steven Walker,Stephanie Newman,24 Auric,40 Auric,Payment
TX745,2023-04-29,Zentia,Christopher Brown Jr.,Kristen Munoz,121 Zentia,18 Zentia,Payment
TX746,2023-05-30,Electra,Brittany Brooks,Benjamin Martin,301 Electra,30 Electra,Purchase
TX747,2023-03-31,Auric,Tina Wu,Steven Jarvis,114 Auric,30 Auric,Payment
TX748,2023-07-15,Lumina,Benjamin Carter,Margaret Jacobson,222 Lumina,6 Lumina,Payment
TX749,2023-01-23,Electra,Nichole Liu,Timothy Mullins,824 Electra,8 Electra,Payment
TX750,2023-03-29,Auric,Crystal Johnson,Jessica Cohen,480 Auric,41 Auric,Payment
TX751,2023-01-02,Zentia,Megan Miller,Marcus Sullivan,393 Zentia,45 Zentia,Transfer
TX752,2023-02-03,Lumina,Jeffrey Liu,Deborah Peterson,165 Lumina,12 Lumina,Payment
TX753,2023-01-20,Zentia,Donna Henry,Heather Walters,461 Zentia,35 Zentia,Payment
TX754,2023-04-04,Auric,Nancy Cunningham,Mark Johnson,491 Auric,7 Auric,Transfer
TX755,2023-05-03,Electra,Joshua Baker,Kenneth Jones,750 Electra,47 Electra,Purchase
TX756,2023-07-23,Electra,Steven Martin,Kylie Mcneil,884 Electra,8 Electra,Transfer
TX757,2023-07-16,Auric,Haley Pratt,Kevin Taylor,97 Auric,50 Auric,Transfer
TX758,2023-01-21,Lumina,Brady Miller,Sarah Cruz,573 Lumina,36 Lumina,Purchase
TX759,2023-08-25,Lumina,Tammy Powell,Brandi Horn,529 Lumina,3 Lumina,Payment
TX760,2023-03-30,Auric,Steve Holt,Rebecca Oconnor,903 Auric,37 Auric,Payment
TX761,2023-07-25,Lumina,Katherine Mitchell,Sergio Vaughn,735 Lumina,8 Lumina,Transfer
TX762,2023-07-06,Auric,Kelly Johnson,Adam Dennis,6 Auric,30 Auric,Transfer
TX763,2023-02-02,Zentia,Stephen Gordon,Robert Fernandez,959 Zentia,46 Zentia,Payment
TX764,2023-01-18,Auric,Jacob Atkinson,Jennifer Olsen,96 Auric,24 Auric,Payment
TX765,2023-04-03,Lumina,Pedro Fuller,Brian Torres,730 Lumina,39 Lumina,Purchase
TX766,2023-03-15,Zentia,Sharon Arias,Daniel Miles,899 Zentia,16 Zentia,Payment
TX767,2023-08-01,Zentia,Ricky Tran,Tracy Smith,551 Zentia,24 Zentia,Transfer
TX768,2023-02-17,Lumina,Brittany Chaney,Joel Smith,877 Lumina,23 Lumina,Transfer
TX769,2023-03-27,Electra,Mary Reed,Marisa Schneider,74 Electra,26 Electra,Purchase
TX770,2023-08-05,Zentia,Allison Carpenter,Stephanie Alexander,531 Zentia,21 Zentia,Transfer
TX771,2023-04-05,Auric,Andrew Byrd,Dana Saunders,972 Auric,41 Auric,Payment
TX772,2023-03-17,Electra,Shaun Beltran,Sarah Schmidt,58 Electra,50 Electra,Purchase
TX773,2023-08-21,Zentia,Rachel Moore,Laura Thomas,772 Zentia,16 Zentia,Transfer
TX774,2023-03-28,Auric,Kaitlin Patel,Keith Mcdaniel,668 Auric,39 Auric,Purchase
TX775,2023-02-14,Lumina,Daniel Mcdonald,Emily Wright,731 Lumina,32 Lumina,Purchase
TX776,2023-03-29,Auric,Stacey Jordan,Toni Dunn,379 Auric,32 Auric,Purchase
TX777,2023-04-10,Electra,Theresa Castillo,David Neal,889 Electra,48 Electra,Payment
TX778,2023-06-15,Zentia,Brandon Koch,Kayla Grant,531 Zentia,9 Zentia,Purchase
TX779,2023-06-11,Zentia,Gene Walker,Frank Jackson,882 Zentia,50 Zentia,Purchase
TX780,2023-04-03,Auric,Amanda Diaz,Ann Murphy,226 Auric,27 Auric,Transfer
TX781,2023-07-26,Zentia,Linda Lewis,Deborah Ward,512 Zentia,32 Zentia,Purchase
TX782,2023-02-21,Auric,Sarah Wiley,John Berger,477 Auric,45 Auric,Transfer
TX783,2023-03-29,Electra,Sierra Richardson,Amanda Baker,283 Electra,19 Electra,Transfer
TX784,2023-07-18,Electra,Kimberly Strong,Lisa Hernandez,368 Electra,49 Electra,Transfer
TX785,2023-03-18,Zentia,Sharon Schmidt,Carl Guerrero,771 Zentia,25 Zentia,Transfer
TX786,2023-05-11,Electra,Ashley Vasquez,Brittany Smith,478 Electra,42 Electra,Purchase
TX787,2023-08-23,Lumina,Allison Maynard,David Page,649 Lumina,16 Lumina,Transfer
TX788,2023-05-18,Electra,Elizabeth Merritt,Tony Marsh,971 Electra,3 Electra,Purchase
TX789,2023-03-07,Zentia,Melissa Goodman,Gail Keller,471 Zentia,33 Zentia,Transfer
TX790,2023-05-14,Lumina,Amanda Hunt,Stephen Howard,44 Lumina,39 Lumina,Purchase
TX791,2023-06-13,Zentia,Nicole Roberson,Noah Thomas,680 Zentia,50 Zentia,Transfer
TX792,2023-05-10,Lumina,Mrs. Christina Reeves,Amy Parker,363 Lumina,20 Lumina,Payment
TX793,2023-07-26,Lumina,Hannah Smith,Christopher Preston,966 Lumina,50 Lumina,Payment
TX794,2023-08-05,Zentia,Melinda Macdonald,Jared Medina,508 Zentia,8 Zentia,Payment
TX795,2023-04-19,Auric,David Guerra,Christopher Gamble,237 Auric,33 Auric,Payment
TX796,2023-02-14,Lumina,Elizabeth Donaldson,Maurice Page,267 Lumina,17 Lumina,Transfer
TX797,2023-04-20,Electra,Madison Montgomery,April Powers,156 Electra,18 Electra,Purchase
TX798,2023-06-26,Auric,April Harris,Jessica Carroll,201 Auric,15 Auric,Purchase
TX799,2023-05-23,Zentia,Daniel Dougherty,Kimberly Green,301 Zentia,21 Zentia,Payment
TX800,2023-04-25,Zentia,Alejandro Morrow,Tara Boyd,405 Zentia,34 Zentia,Transfer
TX801,2023-03-27,Lumina,Matthew Bennett,Traci Johnson,40 Lumina,21 Lumina,Purchase
TX802,2023-02-08,Auric,Derrick Washington,Robert Franklin,98 Auric,8 Auric,Purchase
TX803,2023-03-23,Electra,Crystal Benitez,Tracy Barnett,459 Electra,35 Electra,Payment
TX804,2023-01-16,Lumina,Derek Carney,Karina Luna,504 Lumina,27 Lumina,Payment
TX805,2023-06-11,Lumina,Heidi Stevens,Warren Anderson,596 Lumina,49 Lumina,Transfer
TX806,2023-03-13,Auric,Thomas Stevenson,Alyssa Cooper,649 Auric,46 Auric,Payment
TX807,2023-04-23,Auric,Christina Hernandez,Janice Washington,215 Auric,21 Auric,Transfer
TX808,2023-02-23,Zentia,Susan Johnson,Gregory Booth,807 Zentia,7 Zentia,Payment
TX809,2023-08-10,Electra,Jasmin King,Linda Woodard,826 Electra,19 Electra,Payment
TX810,2023-07-18,Lumina,Monique Frank,Mark Powell,413 Lumina,3 Lumina,Transfer
TX811,2023-03-26,Zentia,Jason Valdez,Kayla Alexander,524 Zentia,24 Zentia,Transfer
TX812,2023-05-12,Electra,Jeffrey Scott,Morgan Perry,463 Electra,43 Electra,Transfer
TX813,2023-06-26,Auric,Aaron Collins,Mary Bernard,849 Auric,32 Auric,Purchase
TX814,2023-06-29,Electra,Samuel Hall,Omar Robles MD,734 Electra,31 Electra,Transfer
TX815,2023-05-19,Lumina,Kathleen Williams,Laura Ellis,472 Lumina,20 Lumina,Transfer
TX816,2023-05-08,Auric,Thomas Nielsen,Melissa Wilson,684 Auric,3 Auric,Payment
TX817,2023-02-03,Auric,Timothy Clark,Bradley Petersen,859 Auric,48 Auric,Purchase
TX818,2023-06-18,Electra,Julie Gutierrez,Sabrina Roberts,785 Electra,5 Electra,Transfer
TX819,2023-05-02,Electra,Jessica Hernandez,Julian Jones,355 Electra,27 Electra,Transfer
TX820,2023-07-24,Auric,Erin Willis,Dr. Catherine Price,948 Auric,33 Auric,Transfer
TX821,2023-04-07,Auric,Tiffany Schroeder,Julie Mcdonald,672 Auric,14 Auric,Payment
TX822,2023-05-01,Zentia,Jacqueline Richards,David Ferguson,89 Zentia,38 Zentia,Purchase
TX823,2023-05-06,Lumina,Nicole Sandoval,Jonathan Lucas,359 Lumina,46 Lumina,Transfer
TX824,2023-06-08,Auric,Andrew Santos,Taylor Jones,52 Auric,34 Auric,Purchase
TX825,2023-05-06,Auric,Adam Burns,John Long,245 Auric,43 Auric,Transfer
TX826,2023-07-28,Auric,Pamela Chambers,Mrs. Lisa Chan,983 Auric,8 Auric,Payment
TX827,2023-07-12,Electra,James Ortega,Monique Love,772 Electra,50 Electra,Purchase
TX828,2023-01-22,Lumina,David Brown,Patrick Lucero,738 Lumina,31 Lumina,Purchase
TX829,2023-02-21,Auric,Amanda Ward,Faith Martin,877 Auric,41 Auric,Transfer
TX830,2023-03-13,Lumina,Derek Evans,Patrick Boone,170 Lumina,24 Lumina,Transfer
TX831,2023-05-13,Zentia,Theresa Reed,Zachary Ponce,738 Zentia,48 Zentia,Payment
TX832,2023-02-27,Lumina,Ashley George,Joanna Mathis,655 Lumina,26 Lumina,Purchase
TX833,2023-06-06,Lumina,Arthur Jones,David Gallegos,724 Lumina,26 Lumina,Purchase
TX834,2023-04-24,Electra,Katherine Mayer,Cody Smith,297 Electra,33 Electra,Transfer
TX835,2023-01-15,Electra,David Smith,Jeremy Combs,285 Electra,22 Electra,Purchase
TX836,2023-03-15,Electra,Ann Nelson,Emily Owens,755 Electra,7 Electra,Purchase
TX837,2023-07-02,Electra,Nathaniel Hancock,Bobby Roberts,349 Electra,41 Electra,Purchase
TX838,2023-01-22,Auric,Mary Fowler,Nicholas Ruiz PhD,313 Auric,23 Auric,Payment
TX839,2023-08-09,Zentia,Nicholas Knight,Steven Gonzalez,519 Zentia,8 Zentia,Transfer
TX840,2023-05-24,Electra,Samuel Hart,Robert Mueller,1000 Electra,32 Electra,Payment
TX841,2023-06-18,Zentia,Sean Fisher,Robert Wilson,529 Zentia,23 Zentia,Payment
TX842,2023-05-25,Lumina,Riley Miller,Jacob Carter,368 Lumina,8 Lumina,Payment
TX843,2023-03-05,Electra,Anne Harper,Jacob Meyers,252 Electra,26 Electra,Transfer
TX844,2023-08-14,Zentia,Glenn Smith,Amanda Odonnell DDS,204 Zentia,3 Zentia,Transfer
TX845,2023-06-12,Zentia,Kevin Johnson,Kyle Smith,829 Zentia,12 Zentia,Purchase
TX846,2023-07-30,Electra,Jenna Lawson,Kathryn Smith,381 Electra,12 Electra,Transfer
TX847,2023-05-11,Auric,Mrs. Valerie Blevins,Tanya Hernandez,923 Auric,18 Auric,Purchase
TX848,2023-04-05,Electra,Brian Richardson,Tracy Patterson,426 Electra,37 Electra,Transfer
TX849,2023-01-25,Lumina,James Castillo,Maria Johnson,603 Lumina,45 Lumina,Payment
TX850,2023-05-12,Lumina,John Hill,Gerald Dodson,478 Lumina,31 Lumina,Payment
TX851,2023-05-31,Lumina,Marc Owens,Joseph Owens,515 Lumina,10 Lumina,Payment
TX852,2023-05-30,Zentia,Stephanie Smith DDS,Gerald Kirby,333 Zentia,28 Zentia,Transfer
TX853,2023-06-10,Electra,Daniel Burgess,Nancy Dillon,80 Electra,29 Electra,Transfer
TX854,2023-07-05,Lumina,Elaine Mullins,John Klein,121 Lumina,26 Lumina,Payment
TX855,2023-05-20,Electra,Michael Hogan,Jennifer Williams,253 Electra,4 Electra,Purchase
TX856,2023-05-19,Electra,Kathryn Gray,Barbara Herman,580 Electra,18 Electra,Payment
TX857,2023-01-08,Electra,Katherine Jackson,Vincent Kennedy,84 Electra,50 Electra,Purchase
TX858,2023-02-04,Electra,Peter Porter,Pamela Gallagher,640 Electra,28 Electra,Payment
TX859,2023-02-18,Auric,Donald Moreno,Jill Spencer,847 Auric,14 Auric,Transfer
TX860,2023-02-16,Electra,Scott Thomas,William Mcconnell,494 Electra,7 Electra,Purchase
TX861,2023-07-11,Auric,Kyle Armstrong Jr.,Tina Young,639 Auric,49 Auric,Payment
TX862,2023-01-12,Zentia,Michelle Greene,Laura Mills,868 Zentia,31 Zentia,Purchase
TX863,2023-06-12,Auric,Jonathan Acosta,Rebecca Smith,980 Auric,27 Auric,Purchase
TX864,2023-07-18,Zentia,Ashley Mendez,Kevin Bryant,690 Zentia,3 Zentia,Payment
TX865,2023-02-01,Electra,Shelley Nguyen,Michael Smith,654 Electra,5 Electra,Payment
TX866,2023-03-06,Auric,Stephen Sanders,Angelica Sweeney,831 Auric,36 Auric,Purchase
TX867,2023-01-28,Lumina,Colleen Nguyen,Darrell Wells,796 Lumina,5 Lumina,Purchase
TX868,2023-04-07,Auric,Kara Salinas,Morgan Morris,240 Auric,22 Auric,Transfer
TX869,2023-04-29,Lumina,Mrs. Katie Smith,Elizabeth Larson,190 Lumina,17 Lumina,Transfer
TX870,2023-04-04,Electra,Laura Myers,Jennifer Lambert,606 Electra,11 Electra,Payment
TX871,2023-05-28,Zentia,Rebecca Palmer,Nicholas Drake,153 Zentia,50 Zentia,Transfer
TX872,2023-02-18,Auric,Jonathan Floyd,Krista Foley,453 Auric,5 Auric,Purchase
TX873,2023-05-17,Lumina,Brandy Flynn,Michael Fuller,375 Lumina,19 Lumina,Purchase
TX874,2023-07-09,Auric,Ronald Dixon,Natalie Watson,255 Auric,48 Auric,Payment
TX875,2023-06-28,Lumina,Michele Lee,Destiny Olson,486 Lumina,19 Lumina,Payment
TX876,2023-04-03,Lumina,Patrick Johnson,Jamie Wagner,596 Lumina,12 Lumina,Transfer
TX877,2023-08-09,Electra,Denise Wright,Steve Erickson,978 Electra,48 Electra,Payment
TX878,2023-07-22,Electra,Ashley Ellis,Gregory Williams,732 Electra,43 Electra,Purchase
TX879,2023-01-31,Lumina,Melissa Sloan,Erin Hudson,913 Lumina,39 Lumina,Purchase
TX880,2023-01-24,Electra,Matthew Dixon,Jerry Romero,876 Electra,37 Electra,Transfer
TX881,2023-06-14,Zentia,Eric Lopez,Jessica Spencer,58 Zentia,32 Zentia,Payment
TX882,2023-02-06,Lumina,Christopher Bullock,Debra Robles,549 Lumina,1 Lumina,Payment
TX883,2023-07-23,Auric,Teresa Smith,Lacey Booker,642 Auric,8 Auric,Transfer
TX884,2023-05-01,Zentia,Holly Rodriguez,Jennifer Collier,574 Zentia,4 Zentia,Payment
TX885,2023-02-24,Lumina,Susan Taylor,Sara Mcfarland,847 Lumina,36 Lumina,Payment
TX886,2023-07-07,Zentia,Robert Gordon,Sandra Martin,89 Zentia,42 Zentia,Purchase
TX887,2023-08-02,Zentia,Robert Ibarra,Steven Richmond,118 Zentia,20 Zentia,Purchase
TX888,2023-07-15,Electra,Shelly Montoya,Steven Vasquez,863 Electra,1 Electra,Payment
TX889,2023-02-03,Auric,John Andrews,Brenda Johnson,591 Auric,24 Auric,Payment
TX890,2023-06-18,Auric,Jessica Miranda,Michael Mata,678 Auric,22 Auric,Payment
TX891,2023-01-18,Electra,David White,Dr. Kayla Hernandez DDS,571 Electra,7 Electra,Purchase
TX892,2023-01-08,Auric,Kelly Acevedo,James Wilkerson,591 Auric,48 Auric,Transfer
TX893,2023-03-09,Lumina,Isaiah Anthony,Kim Decker,718 Lumina,16 Lumina,Transfer
TX894,2023-05-28,Lumina,Kevin Pearson,Jasmine Jacobs,635 Lumina,16 Lumina,Transfer
TX895,2023-06-28,Lumina,William Hodge,Danielle Page,596 Lumina,9 Lumina,Payment
TX896,2023-03-19,Electra,Justin White,Alice Watson,408 Electra,3 Electra,Payment
TX897,2023-06-07,Lumina,Sherry Jordan,April Garcia,680 Lumina,1 Lumina,Payment
TX898,2023-05-18,Lumina,Sydney Jennings,Sarah Cooper,401 Lumina,25 Lumina,Transfer
TX899,2023-02-23,Zentia,Eric Miller,Kathryn Wallace,916 Zentia,11 Zentia,Payment
TX900,2023-03-16,Auric,Marc Evans,Christian Yang,620 Auric,6 Auric,Transfer
TX901,2023-06-27,Auric,Matthew Christensen,Kim Jenkins,297 Auric,27 Auric,Payment
TX902,2023-05-13,Auric,David Fisher,Tracy Green,193 Auric,28 Auric,Purchase
TX903,2023-06-06,Lumina,Cynthia Jones,John Shaw,97 Lumina,40 Lumina,Payment
TX904,2023-07-07,Zentia,William Brown,Kelsey Rodriguez,1 Zentia,28 Zentia,Purchase
TX905,2023-06-29,Auric,Steven Johnson,Stacy Sharp,536 Auric,42 Auric,Transfer
TX906,2023-02-21,Zentia,Marc Jackson MD,Michele Shaffer,313 Zentia,3 Zentia,Payment
TX907,2023-05-23,Electra,Maria Lewis,Monica Rodriguez,938 Electra,10 Electra,Purchase
TX908,2023-04-17,Auric,Melissa Carpenter,Danielle Holder,881 Auric,37 Auric,Transfer
TX909,2023-03-06,Lumina,Nicole King,Samantha Franco,627 Lumina,3 Lumina,Transfer
TX910,2023-03-07,Lumina,Kristen Warren,Christopher Thornton,501 Lumina,22 Lumina,Payment
TX911,2023-01-17,Zentia,Katrina Cole,Kayla Brown,307 Zentia,47 Zentia,Transfer
TX912,2023-03-08,Zentia,Andrew Taylor,Charles Cook,154 Zentia,47 Zentia,Payment
TX913,2023-04-11,Zentia,Kevin Wilson,Alan Alvarez,220 Zentia,12 Zentia,Purchase
TX914,2023-08-20,Zentia,Brent Smith,Mario Burns Jr.,690 Zentia,47 Zentia,Transfer
TX915,2023-01-29,Auric,Jeff Hester,Jessica Cook,348 Auric,47 Auric,Payment
TX916,2023-07-01,Lumina,Melissa Taylor,Elizabeth Smith,562 Lumina,41 Lumina,Purchase
TX917,2023-03-27,Electra,Diane Ward,Derek Cook,310 Electra,24 Electra,Purchase
TX918,2023-05-16,Zentia,Brian Tyler,Kathryn Wood,344 Zentia,17 Zentia,Purchase
TX919,2023-08-27,Zentia,James Brown,John Rodriguez,280 Zentia,16 Zentia,Transfer
TX920,2023-04-19,Lumina,Kimberly Hutchinson,Amanda Scott,605 Lumina,20 Lumina,Transfer
TX921,2023-08-06,Lumina,Amber Moore,Randall Griffin,422 Lumina,22 Lumina,Purchase
TX922,2023-02-20,Auric,Lucas Jackson,James Odonnell,565 Auric,7 Auric,Purchase
TX923,2023-04-27,Lumina,Benjamin West,Michelle Le,371 Lumina,1 Lumina,Purchase
TX924,2023-02-14,Zentia,Timothy Hamilton,Paige Clayton,46 Zentia,32 Zentia,Transfer
TX925,2023-01-07,Zentia,John Flores,Stephen Proctor,491 Zentia,16 Zentia,Payment
TX926,2023-05-31,Lumina,Dustin Ellis,Joshua Galvan,531 Lumina,17 Lumina,Transfer
TX927,2023-06-22,Lumina,Jeffrey Eaton,Amanda Johnson,466 Lumina,2 Lumina,Payment
TX928,2023-05-30,Lumina,Todd Sullivan,David Garza,235 Lumina,25 Lumina,Transfer
TX929,2023-08-26,Auric,Margaret Henson,Erin Mcneil,863 Auric,37 Auric,Transfer
TX930,2023-03-01,Auric,Patricia Jennings,Amanda Flores,836 Auric,3 Auric,Payment
TX931,2023-03-05,Electra,Teresa Wolfe,Renee Collins,58 Electra,38 Electra,Transfer
TX932,2023-06-21,Lumina,Scott Brown,Charles Perez,974 Lumina,10 Lumina,Transfer
TX933,2023-05-12,Electra,Carolyn Allen,Raymond Webb,564 Electra,41 Electra,Purchase
TX934,2023-01-31,Lumina,Shawn Potter,Michael Bryant II,124 Lumina,2 Lumina,Transfer
TX935,2023-01-18,Electra,Joseph Sanchez,Nancy Robbins,471 Electra,33 Electra,Payment
TX936,2023-04-12,Electra,Gerald Tran,Carolyn Edwards,935 Electra,9 Electra,Purchase
TX937,2023-06-21,Auric,Kimberly Hatfield,Tanya Payne,430 Auric,15 Auric,Payment
TX938,2023-01-14,Auric,James Shaw,Ryan Shea,245 Auric,16 Auric,Payment
TX939,2023-08-24,Electra,Jonathan Stewart,Noah Holmes,573 Electra,23 Electra,Transfer
TX940,2023-03-18,Electra,Rita Rubio,Caitlin Compton,859 Electra,32 Electra,Transfer
TX941,2023-07-07,Zentia,Sara Spencer,Ryan Liu,620 Zentia,40 Zentia,Transfer
TX942,2023-02-04,Lumina,Chase Roth,Emily Arroyo,619 Lumina,9 Lumina,Transfer
TX943,2023-07-13,Zentia,Alyssa Jones,Scott Alexander,40 Zentia,28 Zentia,Transfer
TX944,2023-04-29,Electra,Scott Torres,Micheal Mcclain,342 Electra,39 Electra,Payment
TX945,2023-06-04,Lumina,Karen Moore,Christina Stevens,954 Lumina,32 Lumina,Transfer
TX946,2023-07-09,Electra,Steven Harrington,Nicole Adams,328 Electra,11 Electra,Payment
TX947,2023-07-07,Lumina,James Mayo,Tracy Lewis,297 Lumina,46 Lumina,Payment
TX948,2023-02-15,Electra,Randall Edwards,Drew Flynn,897 Electra,13 Electra,Purchase
TX949,2023-05-31,Electra,Dennis Yang,Rachel Kramer,690 Electra,16 Electra,Transfer
TX950,2023-05-27,Zentia,Mr. Philip Velasquez,Michelle Robinson,120 Zentia,35 Zentia,Purchase
TX951,2023-06-24,Lumina,Pamela Fitzpatrick,Kristi Flowers,571 Lumina,25 Lumina,Purchase
TX952,2023-05-11,Lumina,Teresa Pitts,Becky Norman,787 Lumina,5 Lumina,Purchase
TX953,2023-03-16,Electra,Marie Edwards,Carol Carter,104 Electra,22 Electra,Payment
TX954,2023-03-06,Auric,Richard Whitaker,Mrs. Ashley George,507 Auric,15 Auric,Purchase
TX955,2023-05-19,Auric,Shannon Craig,Ryan Mendoza,976 Auric,15 Auric,Transfer
TX956,2023-07-09,Electra,Stephanie Gould,Jeffrey Wood,995 Electra,18 Electra,Transfer
TX957,2023-07-13,Lumina,Amy Martinez,Yvonne Cooley,897 Lumina,31 Lumina,Payment
TX958,2023-07-02,Zentia,Dr. Jennifer Carter MD,Samantha Garcia,539 Zentia,13 Zentia,Purchase
TX959,2023-03-11,Auric,Jordan King,Francisco Neal,169 Auric,22 Auric,Purchase
TX960,2023-02-01,Zentia,Andrew Fowler,Daniel Collins,366 Zentia,9 Zentia,Payment
TX961,2023-04-19,Electra,Kenneth Carter,Joseph Hancock,277 Electra,37 Electra,Payment
TX962,2023-08-02,Lumina,Curtis Stewart,Darren Daniels,572 Lumina,21 Lumina,Purchase
TX963,2023-02-13,Zentia,Kristen Elliott,Misty Ross,581 Zentia,8 Zentia,Purchase
TX964,2023-01-05,Auric,Susan Logan,Lance Castillo,384 Auric,27 Auric,Purchase
TX965,2023-07-21,Zentia,David Strickland,Tiffany Hamilton,677 Zentia,46 Zentia,Purchase
TX966,2023-07-20,Lumina,Adriana Williams,Keith Miller,456 Lumina,29 Lumina,Transfer
TX967,2023-03-01,Auric,Robert Robinson,Walter Sullivan,687 Auric,17 Auric,Transfer
TX968,2023-02-03,Zentia,Sarah Ingram,April Williams,728 Zentia,16 Zentia,Purchase
TX969,2023-04-10,Electra,Chelsea Fuller,Debra Smith,173 Electra,26 Electra,Purchase
TX970,2023-04-17,Auric,Steven Robertson,Allen Barrett,655 Auric,6 Auric,Transfer
TX971,2023-01-24,Lumina,April Cooper,Geoffrey Gonzales,603 Lumina,8 Lumina,Transfer
TX972,2023-08-19,Lumina,Michelle Hayes,Katherine Evans,310 Lumina,17 Lumina,Transfer
TX973,2023-04-21,Lumina,Richard Mcgee,Cameron Ortiz,768 Lumina,43 Lumina,Transfer
TX974,2023-01-28,Lumina,John Chung,Joanna Blankenship,864 Lumina,17 Lumina,Transfer
TX975,2023-06-16,Electra,Kimberly Flores,Amanda Pacheco,883 Electra,45 Electra,Purchase
TX976,2023-01-04,Electra,Amanda Calderon,Stephanie Long,394 Electra,43 Electra,Transfer
TX977,2023-01-30,Electra,Brittany Arnold,Lisa Acosta,648 Electra,39 Electra,Purchase
TX978,2023-01-05,Zentia,Dale Bowers,Anthony Hicks,331 Zentia,9 Zentia,Transfer
TX979,2023-07-31,Electra,Katherine Ruiz,Kenneth Mcclure,102 Electra,40 Electra,Purchase
TX980,2023-07-27,Electra,Jennifer Collins,Erica Hernandez,784 Electra,19 Electra,Transfer
TX981,2023-03-03,Auric,Renee Sanchez,Tammy Calhoun,499 Auric,24 Auric,Transfer
TX982,2023-01-17,Electra,Jacob Cook,Jonathan Clark,313 Electra,50 Electra,Payment
TX983,2023-07-16,Auric,Ashley Ross,Erin Peterson,29 Auric,34 Auric,Transfer
TX984,2023-03-02,Electra,Sarah White,Michael Gutierrez,457 Electra,4 Electra,Payment
TX985,2023-05-30,Auric,Alisha Keith,Matthew Anderson,789 Auric,16 Auric,Transfer
TX986,2023-03-26,Auric,Tyler Boyd,Wayne Cook,17 Auric,6 Auric,Purchase
TX987,2023-05-11,Zentia,Adam Reynolds,Adam Green,404 Zentia,12 Zentia,Payment
TX988,2023-07-07,Electra,Heidi Chambers,Lauren Keith,315 Electra,43 Electra,Transfer
TX989,2023-05-16,Lumina,Monica Brock,Jonathan Howard,485 Lumina,35 Lumina,Payment
TX990,2023-08-19,Auric,Amber Bullock,Samantha Gilbert,417 Auric,16 Auric,Payment
TX991,2023-02-04,Electra,Sydney Thomas,Keith Garza,618 Electra,50 Electra,Payment
TX992,2023-07-07,Electra,Rachel Meyer,Joel Miller,602 Electra,16 Electra,Purchase
TX993,2023-04-05,Electra,Michael Harrison,Crystal Swanson,345 Electra,30 Electra,Payment
TX994,2023-07-25,Auric,Jordan Schaefer,Brian Robinson,61 Auric,41 Auric,Payment
TX995,2023-05-30,Zentia,James Gonzalez,Deanna Nguyen,622 Zentia,2 Zentia,Transfer
TX996,2023-05-26,Zentia,Sheena Freeman,Kimberly Galvan,486 Zentia,24 Zentia,Purchase
TX997,2023-07-08,Zentia,James Moore,Kristin Alexander,546 Zentia,34 Zentia,Payment
TX998,2023-03-03,Zentia,Rose Webster,Joyce Beasley,539 Zentia,16 Zentia,Purchase
TX999,2023-06-14,Electra,Carrie Wheeler,Fred Anderson,454 Electra,11 Electra,Payment
TX1000,2023-06-01,Auric,Maureen Campos,Bradley Kelly,677 Auric,41 Auric,Payment
TX1001,2023-04-27,Auric,Bryan Moore,John Moses,565 Auric,34 Auric,Transfer
TX1002,2023-07-27,Lumina,Rebekah Pearson,Laura Ferguson,957 Lumina,44 Lumina,Purchase
TX1003,2023-07-27,Electra,Elizabeth Jones,Carol Dennis,909 Electra,28 Electra,Purchase
TX1004,2023-01-28,Electra,Daniel Ray,Linda Fowler,480 Electra,23 Electra,Purchase
TX1005,2023-02-10,Zentia,Megan Hudson,Lisa Jennings,379 Zentia,35 Zentia,Purchase
TX1006,2023-08-19,Zentia,Jonathon Watkins,Tammy Hayes,693 Zentia,42 Zentia,Purchase
TX1007,2023-05-18,Lumina,Matthew Kirk,Anthony Zimmerman,230 Lumina,24 Lumina,Transfer
TX1008,2023-01-05,Auric,Rebecca Wyatt,Natalie Evans,123 Auric,4 Auric,Transfer
TX1009,2023-05-02,Auric,Gerald Brown,Matthew Bennett,625 Auric,3 Auric,Purchase
TX1010,2023-06-12,Auric,Mackenzie Duncan,Cynthia Lowery,643 Auric,28 Auric,Payment
TX1011,2023-06-15,Lumina,Christina Ray,Victor Taylor MD,104 Lumina,15 Lumina,Payment
TX1012,2023-03-09,Electra,Randall Nelson,William Wright,981 Electra,19 Electra,Payment
TX1013,2023-08-27,Zentia,Julian Clarke,Elizabeth Tran,599 Zentia,35 Zentia,Purchase
TX1014,2023-07-02,Lumina,Charles Hill,Linda Sanchez,387 Lumina,23 Lumina,Payment
TX1015,2023-02-04,Auric,James Buck,Daniel Morris,605 Auric,23 Auric,Purchase
TX1016,2023-05-26,Lumina,Valerie Marshall,Sandra Peterson,856 Lumina,33 Lumina,Payment
TX1017,2023-03-19,Lumina,Deanna Stone,Anne Green,368 Lumina,47 Lumina,Purchase
TX1018,2023-03-23,Electra,Wesley Fields,Rachel Williams,121 Electra,42 Electra,Purchase
TX1019,2023-03-04,Lumina,Robert Nielsen,Michael Houston,36 Lumina,42 Lumina,Purchase
TX1020,2023-08-03,Electra,Jesse Davies,Steven Davis,209 Electra,26 Electra,Payment
TX1021,2023-06-07,Lumina,Kara Ross,Mr. Willie Watson,430 Lumina,17 Lumina,Purchase
TX1022,2023-01-02,Auric,Derek Larsen,Matthew Vargas,644 Auric,2 Auric,Purchase
TX1023,2023-01-12,Electra,Savannah Cook,Michael Ortega,772 Electra,46 Electra,Purchase
TX1024,2023-08-01,Zentia,William Page,Ricky Nicholson,919 Zentia,29 Zentia,Payment
TX1025,2023-06-09,Auric,Andrew Flores,Carlos Brennan,641 Auric,37 Auric,Purchase
TX1026,2023-01-11,Auric,Jeffrey Clark,Paige Reyes,747 Auric,7 Auric,Payment
TX1027,2023-08-03,Zentia,Stephanie Simon,Mark Hays,980 Zentia,35 Zentia,Purchase
TX1028,2023-01-27,Lumina,Jason Park,Alexa Wood,986 Lumina,36 Lumina,Transfer
TX1029,2023-06-14,Zentia,Kelly Garcia,Terri Hall,287 Zentia,27 Zentia,Purchase
TX1030,2023-07-18,Lumina,Vanessa Odom MD,Joshua Smith,890 Lumina,38 Lumina,Transfer
TX1031,2023-06-22,Electra,Deanna Garner,Felicia Patterson,364 Electra,15 Electra,Purchase
TX1032,2023-01-15,Zentia,David Frye,William Sanchez,742 Zentia,37 Zentia,Purchase
TX1033,2023-08-09,Electra,John Tate,Mrs. Melissa Archer,642 Electra,27 Electra,Payment
TX1034,2023-01-02,Lumina,Emily Gomez,Thomas Hart,586 Lumina,43 Lumina,Transfer
TX1035,2023-01-25,Auric,Gregory Joseph,Mr. Timothy Gonzales,577 Auric,29 Auric,Purchase
TX1036,2023-02-09,Lumina,Kathryn Castaneda,Bethany Torres,67 Lumina,13 Lumina,Purchase
TX1037,2023-06-12,Zentia,Meghan Wheeler,Christopher Horne,853 Zentia,14 Zentia,Transfer
TX1038,2023-06-21,Auric,Melanie Price,Jennifer Cook,798 Auric,12 Auric,Purchase
TX1039,2023-02-15,Lumina,Matthew Singh,Lisa Contreras,233 Lumina,11 Lumina,Purchase
TX1040,2023-08-01,Electra,Emily Lawrence,David Mathews,239 Electra,42 Electra,Purchase
TX1041,2023-03-05,Electra,Kaitlin Smith,Richard Chavez,679 Electra,50 Electra,Purchase
TX1042,2023-08-18,Zentia,Chad Brennan,John Harrington,25 Zentia,33 Zentia,Purchase
TX1043,2023-05-05,Lumina,Kelly Mata,Zachary Sanders,299 Lumina,19 Lumina,Purchase
TX1044,2023-01-23,Electra,Peter Shaw,Jeremy Boyer,298 Electra,37 Electra,Purchase
TX1045,2023-07-16,Zentia,Tina Miller,Sara Kelly,111 Zentia,47 Zentia,Transfer
TX1046,2023-07-16,Electra,Kelly Young,Rodney Phillips,473 Electra,10 Electra,Transfer
TX1047,2023-02-07,Electra,Ashley Wall,Richard Neal,809 Electra,38 Electra,Purchase
TX1048,2023-07-10,Electra,Tracy Smith,Benjamin Lyons,16 Electra,33 Electra,Purchase
TX1049,2023-05-26,Auric,Scott Walton,Samuel Diaz,737 Auric,15 Auric,Payment
TX1050,2023-07-15,Zentia,Michelle Edwards,Ryan Alvarez,251 Zentia,43 Zentia,Purchase
TX1051,2023-08-08,Electra,Sherri Smith,Luke Sherman,414 Electra,32 Electra,Payment
TX1052,2023-03-21,Zentia,Jessica Mcmahon,Lisa Gallegos,912 Zentia,42 Zentia,Purchase
TX1053,2023-01-05,Lumina,Stacy Holmes,Michael Jones,915 Lumina,32 Lumina,Transfer
TX1054,2023-02-16,Lumina,Susan Gates,Amanda Davis,182 Lumina,28 Lumina,Payment
TX1055,2023-02-10,Electra,Anthony Williams,Stephanie Bowers,91 Electra,48 Electra,Payment
TX1056,2023-03-25,Electra,Brooke Kim,Patrick Black,262 Electra,16 Electra,Transfer
TX1057,2023-03-24,Lumina,Renee Gutierrez,John West,866 Lumina,45 Lumina,Transfer
TX1058,2023-07-05,Zentia,Lindsey Davidson,Jeremy Miller,70 Zentia,48 Zentia,Purchase
TX1059,2023-08-12,Lumina,Christopher Ramos,Melissa Valdez,661 Lumina,46 Lumina,Payment
TX1060,2023-02-15,Electra,Jaclyn Turner,Steven Watkins,712 Electra,42 Electra,Payment
TX1061,2023-04-03,Zentia,Larry Woods,Margaret Morton,490 Zentia,20 Zentia,Transfer
TX1062,2023-01-30,Zentia,Danielle Smith,James Sandoval,811 Zentia,34 Zentia,Transfer
TX1063,2023-01-25,Electra,Mrs. Rebecca Clark DVM,Daniel Walton,939 Electra,44 Electra,Purchase
TX1064,2023-01-03,Lumina,Margaret Mitchell,Amy Rodriguez,438 Lumina,42 Lumina,Purchase
TX1065,2023-04-25,Electra,Cody Wall,Angela Smith,415 Electra,42 Electra,Payment
TX1066,2023-02-20,Lumina,Robert Clark,Devon Stephens,807 Lumina,1 Lumina,Payment
TX1067,2023-03-01,Lumina,Renee White,Jamie Hoffman,557 Lumina,13 Lumina,Payment
TX1068,2023-04-16,Electra,Christian Miller,Daniel Wu,944 Electra,44 Electra,Purchase
TX1069,2023-06-12,Electra,Thomas Rose,Mr. William Brown,699 Electra,47 Electra,Purchase
TX1070,2023-02-07,Auric,Douglas Reyes,Joseph Johnson,277 Auric,13 Auric,Payment
TX1071,2023-04-06,Auric,Bradley Cooper,Joshua Williams,793 Auric,14 Auric,Payment
TX1072,2023-03-23,Lumina,George Lopez,Alexander Ortiz,285 Lumina,38 Lumina,Transfer
TX1073,2023-04-13,Lumina,Andrew Mcdonald,Andres Conway,386 Lumina,2 Lumina,Payment
TX1074,2023-05-02,Auric,Patrick Jackson,Jill Friedman,776 Auric,49 Auric,Purchase
TX1075,2023-03-17,Zentia,Tammy Knight,Carrie Garcia,840 Zentia,34 Zentia,Payment
TX1076,2023-07-24,Zentia,Stacey Smith,Amanda Jimenez,718 Zentia,17 Zentia,Purchase
TX1077,2023-06-27,Zentia,Mr. Jack Lyons Jr.,Curtis Hodges,897 Zentia,35 Zentia,Transfer
TX1078,2023-04-30,Lumina,Dr. Kristy Brown,Keith Atkins,653 Lumina,6 Lumina,Purchase
TX1079,2023-05-06,Zentia,David Pierce,Meghan Johnson,355 Zentia,14 Zentia,Transfer
TX1080,2023-06-23,Zentia,Joshua Gray,Andre Johnston,339 Zentia,10 Zentia,Transfer
TX1081,2023-04-29,Lumina,Elizabeth Wells,Julia Turner,765 Lumina,33 Lumina,Purchase
TX1082,2023-05-30,Zentia,Christopher Jones,Katherine Rodgers MD,942 Zentia,39 Zentia,Transfer
TX1083,2023-04-09,Electra,Sherri Riley,Christina Turner DVM,447 Electra,3 Electra,Transfer
TX1084,2023-05-14,Zentia,Micheal Gordon,Kara Newman,784 Zentia,43 Zentia,Transfer
TX1085,2023-02-08,Lumina,James Smith,Sarah Gonzalez,268 Lumina,41 Lumina,Purchase
TX1086,2023-01-14,Lumina,Stanley Jacobs,Shawn Robinson,292 Lumina,48 Lumina,Payment
TX1087,2023-04-03,Lumina,Kathleen Turner,Douglas Webster,979 Lumina,43 Lumina,Transfer
TX1088,2023-05-17,Zentia,Elizabeth Whitney,Phillip Miles,374 Zentia,21 Zentia,Transfer
TX1089,2023-07-13,Auric,Lauren Martin,Elizabeth Williams,372 Auric,2 Auric,Payment
TX1090,2023-08-01,Electra,Edward Koch,Jimmy Jones,694 Electra,22 Electra,Purchase
TX1091,2023-01-16,Lumina,Micheal Price,Jessica Dyer,753 Lumina,37 Lumina,Payment
TX1092,2023-07-30,Auric,Teresa Evans,Alicia Hoover,760 Auric,28 Auric,Transfer
TX1093,2023-05-15,Auric,Kelly Rivas,James Olson,667 Auric,34 Auric,Transfer
TX1094,2023-07-27,Zentia,Donald Yates,Samantha Gibbs,59 Zentia,25 Zentia,Payment
TX1095,2023-01-15,Lumina,Ashley Lowe,Benjamin Mercado,584 Lumina,11 Lumina,Transfer
TX1096,2023-04-23,Zentia,Seth Johnson,James Brewer,398 Zentia,47 Zentia,Purchase
TX1097,2023-07-05,Electra,Matthew Christensen,Jonathan Frank,678 Electra,24 Electra,Transfer
TX1098,2023-02-05,Auric,Sabrina Rivas,Daniel Harvey,972 Auric,24 Auric,Purchase
TX1099,2023-07-20,Zentia,Jim Manning,Bruce Bolton,792 Zentia,38 Zentia,Transfer
TX1100,2023-03-18,Electra,Debra Oconnell,Steven Lowe,935 Electra,34 Electra,Payment
TX1101,2023-07-16,Electra,Brandy Brown,April Yoder,829 Electra,42 Electra,Payment
TX1102,2023-05-01,Electra,James Carson,Kelly Garcia,951 Electra,29 Electra,Transfer
TX1103,2023-02-17,Electra,Anthony Harrison,Sarah James,283 Electra,12 Electra,Payment
TX1104,2023-06-18,Auric,Richard Tate Jr.,Calvin Sullivan,455 Auric,37 Auric,Purchase
TX1105,2023-07-24,Auric,Sharon Adkins,Russell Brown,218 Auric,41 Auric,Purchase
TX1106,2023-02-26,Zentia,Tonya Blankenship,Lisa Adams,942 Zentia,6 Zentia,Payment
TX1107,2023-03-06,Electra,Michael Fitzgerald,Christina Elliott,366 Electra,1 Electra,Payment
TX1108,2023-03-09,Electra,Katie Lucero,Tami Matthews,407 Electra,13 Electra,Payment
TX1109,2023-03-31,Auric,Eric Clark,Frank Lawson,375 Auric,24 Auric,Purchase
TX1110,2023-01-01,Lumina,Scott Smith,Michael Stanton,271 Lumina,16 Lumina,Purchase
